seed,termination,success,science_return,science_possible,targets_visited,targets_total,energy_spent,energy_generated,final_charge,min_charge,steps,distance_travelled,interventions,severe_slip_events,mean_slip,planner_replans,nodes_expanded,predicted_failure_prob,hazard_refusals,final_distance_from_home,body,planner,size,n_targets,max_steps,risk_budget,energy_reserve_fraction,sensing_radius,sensor_noise_scale,terrain_uncertainty,battery_capacity,fault_rate,comm_delay,replan_interval,solar_rate,resume_charge_fraction,prior_body,max_slope_deg,condition,split
400004,success,True,0.0,10.342360460905567,0,5,369.10344699617997,228.51456941995175,272.7444557570972,79.51616344006622,194,17.071067811865476,8,3,0.5802143453892229,52,36950,0.03658261299487753,1,0.0,mars,adaptive_risk_aware_astar,64,5,800,0.2,0.25,6,1.0,1.0,,0.0,20,10,2.0,0.6,moon,25.0,mars_comm_delay,ood
400005,energy_exhausted,False,1.7572859911266732,9.623904321875369,1,5,390.3122588780024,31.617387616601526,54.63846207193268,54.65846207193268,30,32.798989873223334,0,2,0.2927647429449175,50,65760,0.021884863840291313,0,17.46424919657298,mars,adaptive_risk_aware_astar,64,5,800,0.2,0.25,6,1.0,1.0,,0.0,20,10,2.0,0.6,moon,25.0,mars_comm_delay,ood
400006,energy_exhausted,False,2.660266403645624,9.130953200747532,1,5,383.2623625942644,36.63725539461054,66.70822613367945,66.72822613367944,34,37.798989873223334,0,1,0.33716998334459924,38,41604,0.03984404356464488,0,6.324555320336759,mars,adaptive_risk_aware_astar,64,5,800,0.2,0.25,6,1.0,1.0,,0.0,20,10,2.0,0.6,moon,25.0,mars_comm_delay,ood
400007,energy_exhausted,False,0.0,10.037456096628219,0,5,359.3126118695271,32.196144116032215,86.21686557983865,86.23686557983865,31,33.213203435596434,0,2,0.28654835143140156,44,42168,0.023707458656310743,1,1.4142135623730951,mars,adaptive_risk_aware_astar,64,5,800,0.2,0.25,6,1.0,1.0,,0.0,20,10,2.0,0.6,moon,25.0,mars_comm_delay,ood
400008,energy_exhausted,False,2.2481687817824647,8.885444925719812,1,5,433.3183925721266,39.4629441246191,19.47788488582612,19.49788488582612,40,40.72792206135786,0,2,0.29533982068361303,52,43135,0.1435692664730891,0,4.47213595499958,mars,adaptive_risk_aware_astar,64,5,800,0.2,0.25,6,1.0,1.0,,0.0,20,10,2.0,0.6,moon,25.0,mars_comm_delay,ood
400009,energy_exhausted,False,0.0,10.375277040139736,0,5,433.76543398812896,24.367866620274665,3.9357659654792725,3.9557659654792725,27,27.970562748477146,0,3,0.3382010028504192,34,23228,0.023285875900701858,0,5.385164807134504,mars,adaptive_risk_aware_astar,64,5,800,0.2,0.25,6,1.0,1.0,,0.0,20,10,2.0,0.6,moon,25.0,mars_comm_delay,ood
400010,energy_exhausted,False,1.8158144339910596,10.41206692211277,1,5,446.5772381732705,36.056456134558765,2.812551294621949,2.832551294621949,37,38.970562748477136,0,2,0.2859235522416148,55,70602,0.11383222413179828,0,21.95449840010015,mars,adaptive_risk_aware_astar,64,5,800,0.2,0.25,6,1.0,1.0,,0.0,20,10,2.0,0.6,moon,25.0,mars_comm_delay,ood
400011,energy_exhausted,False,0.0,9.044600831464807,0,5,449.6753171965415,45.81805976181171,9.476075898603867,9.496075898603866,45,46.87005768508879,0,2,0.28690215490511123,65,69977,0.048443852693668465,3,3.1622776601683795,mars,adaptive_risk_aware_astar,64,5,800,0.2,0.25,6,1.0,1.0,,0.0,20,10,2.0,0.6,moon,25.0,mars_comm_delay,ood
400012,success,True,2.065511083809088,9.399408209832723,1,5,261.21643570834465,119.5096135830176,271.6265112080047,186.45035781596434,112,26.485281374238575,4,2,0.3917015352018797,51,42883,0.007230991010835464,0,0.0,mars,adaptive_risk_aware_astar,64,5,800,0.2,0.25,6,1.0,1.0,,0.0,20,10,2.0,0.6,moon,25.0,mars_comm_delay,ood
400013,energy_exhausted,False,0.0,11.422294659534387,0,5,414.5198492552306,32.462939206538415,31.2764232846413,31.2964232846413,29,26.48528137423857,0,4,0.36192581909628846,53,65246,0.1335362409770402,0,11.40175425099138,mars,adaptive_risk_aware_astar,64,5,800,0.2,0.25,6,1.0,1.0,,0.0,20,10,2.0,0.6,moon,25.0,mars_comm_delay,ood
400014,energy_exhausted,False,2.4472873995289284,10.17582267325629,1,5,375.8181840443714,22.614677017603917,60.12982630656624,60.14982630656624,23,23.313708498984763,0,2,0.35994548116068903,31,39750,0.022129192402184028,0,20.248456731316587,mars,adaptive_risk_aware_astar,64,5,800,0.2,0.25,6,1.0,1.0,,0.0,20,10,2.0,0.6,moon,25.0,mars_comm_delay,ood
400015,energy_exhausted,False,2.6878019553130885,12.083069141602065,1,5,357.68732489385127,21.56900497436357,77.21501341384563,77.23501341384562,25,29.62741699796953,0,0,0.40845751769367306,40,51844,0.022255016536466887,1,8.06225774829855,mars,adaptive_risk_aware_astar,64,5,800,0.2,0.25,6,1.0,1.0,,0.0,20,10,2.0,0.6,moon,25.0,mars_comm_delay,ood
400016,success,True,0.0,12.058914380674398,0,5,158.66204515723376,31.05652942135841,285.7278175974601,267.172374249289,34,10.82842712474619,1,1,0.3044154447357918,44,65703,0.028341571960378564,0,0.0,mars,adaptive_risk_aware_astar,64,5,800,0.2,0.25,6,1.0,1.0,,0.0,20,10,2.0,0.6,moon,25.0,mars_comm_delay,ood
400017,energy_exhausted,False,2.015181804021767,10.377593705823667,1,5,401.79722938919826,40.134142129857885,51.670246073993226,51.69024607399323,38,41.62741699796952,0,2,0.28969240508859795,47,49784,0.03661195154486707,0,9.848857801796104,mars,adaptive_risk_aware_astar,64,5,800,0.2,0.25,6,1.0,1.0,,0.0,20,10,2.0,0.6,moon,25.0,mars_comm_delay,ood
400018,success,True,1.494875937372436,9.300711949766486,1,5,301.7399709380162,163.55074048538617,275.1441028807011,196.3949635543397,142,36.62741699796952,5,1,0.27414546993786937,79,63374,0.03995278809425207,1,0.0,mars,adaptive_risk_aware_astar,64,5,800,0.2,0.25,6,1.0,1.0,,0.0,20,10,2.0,0.6,moon,25.0,mars_comm_delay,ood
400019,timeout,False,4.880827772279631,10.403107865331462,2,5,1098.8542854314637,829.3121012855593,143.79114918742013,50.46042271255745,800,119.74011537017753,32,6,0.2411440659103609,153,95018,0.010604302335900928,0,0.0,mars,adaptive_risk_aware_astar,64,5,800,0.2,0.25,6,1.0,1.0,,0.0,20,10,2.0,0.6,moon,25.0,mars_comm_delay,ood
400020,success,True,0.0,7.490868008358168,0,5,224.57186883745683,98.45645648423107,287.2179209801093,201.62397579783072,92,2.0,4,3,0.7714596289519157,56,41863,0.10512728496878776,0,0.0,mars,adaptive_risk_aware_astar,64,5,800,0.2,0.25,6,1.0,1.0,,0.0,20,10,2.0,0.6,moon,25.0,mars_comm_delay,ood
400021,energy_exhausted,False,1.1838366797759214,8.656699591862557,1,5,475.1764337642029,63.38905434135761,1.5459539104879905,1.5659539104879905,58,63.59797974644663,0,2,0.2941808584670954,83,81518,0.03559965647927599,3,2.0,mars,adaptive_risk_aware_astar,64,5,800,0.2,0.25,6,1.0,1.0,,0.0,20,10,2.0,0.6,moon,25.0,mars_comm_delay,ood
400022,energy_exhausted,False,0.0,10.050554038465963,0,5,444.6001910228058,33.898478550440565,2.6316208609680207,2.6516208609680207,30,31.798989873223338,0,3,0.38271543048977186,43,37506,0.03023785365053966,0,6.0,mars,adaptive_risk_aware_astar,64,5,800,0.2,0.25,6,1.0,1.0,,0.0,20,10,2.0,0.6,moon,25.0,mars_comm_delay,ood
400023,success,True,0.0,9.312488982340422,0,5,321.68809117405704,189.61262091321527,281.2578630724833,138.51481237159882,184,33.798989873223334,7,2,0.28009957974680977,71,55750,0.030099644191525,0,0.0,mars,adaptive_risk_aware_astar,64,5,800,0.2,0.25,6,1.0,1.0,,0.0,20,10,2.0,0.6,moon,25.0,mars_comm_delay,ood
400024,success,True,2.5541636147658195,8.945433533721532,1,5,307.7261532239885,168.8016257447294,274.4088058540679,148.9900093207185,182,37.35533905932738,7,1,0.28798683538256464,64,64724,0.017296188611648833,0,0.0,mars,adaptive_risk_aware_astar,64,5,800,0.2,0.25,6,1.0,1.0,,0.0,20,10,2.0,0.6,moon,25.0,mars_comm_delay,ood
400025,success,True,1.187697045456624,6.504449313092817,1,5,646.9684719596393,483.22336465458767,249.58822602827175,28.525372366422715,448,57.698484809834966,18,3,0.255331410244235,117,127436,0.05548871807027633,0,0.0,mars,adaptive_risk_aware_astar,64,5,800,0.2,0.25,6,1.0,1.0,,0.0,20,10,2.0,0.6,moon,25.0,mars_comm_delay,ood
400026,energy_exhausted,False,2.908728450954972,12.919125223882055,1,5,448.17052231085955,39.12422368202931,4.287034704503272,4.3070347045032715,34,35.55634918610404,0,2,0.3067652697341994,29,21247,0.034815163559540396,0,2.8284271247461903,mars,adaptive_risk_aware_astar,64,5,800,0.2,0.25,6,1.0,1.0,,0.0,20,10,2.0,0.6,moon,25.0,mars_comm_delay,ood
400027,energy_exhausted,False,0.0,10.052784418734847,0,5,774.9974846439062,364.5744387150065,2.910287404416859,2.930287404416859,362,86.49747468305827,13,3,0.2793394400233545,129,126900,0.025289858578238178,1,2.23606797749979,mars,adaptive_risk_aware_astar,64,5,800,0.2,0.25,6,1.0,1.0,,0.0,20,10,2.0,0.6,moon,25.0,mars_comm_delay,ood
400028,success,True,2.85670826955898,11.175818835571611,1,5,636.7624381710691,504.4371676486084,281.00806281086733,107.84144337526126,470,56.627416997969505,19,2,0.2980017563171038,110,89481,0.18248052392757863,1,0.0,mars,adaptive_risk_aware_astar,64,5,800,0.2,0.25,6,1.0,1.0,,0.0,20,10,2.0,0.6,moon,25.0,mars_comm_delay,ood
400029,timeout,False,1.9269961299693577,7.772974148827593,1,5,919.0958147546531,713.6195939294129,207.8571125080914,2.0364687216271777,800,77.49747468305827,34,2,0.3073198476376037,100,45413,0.048034668319028584,0,0.0,mars,adaptive_risk_aware_astar,64,5,800,0.2,0.25,6,1.0,1.0,,0.0,20,10,2.0,0.6,moon,25.0,mars_comm_delay,ood
400030,success,True,0.0,9.716785046362691,0,5,411.55080497148685,247.6800179755487,249.46254633738508,165.15454192054142,244,24.48528137423857,10,5,0.4765257084190917,74,68058,0.15589922840013226,0,0.0,mars,adaptive_risk_aware_astar,64,5,800,0.2,0.25,6,1.0,1.0,,0.0,20,10,2.0,0.6,moon,25.0,mars_comm_delay,ood
400031,immobilized,False,2.6760108965509426,12.854598146362186,1,5,367.64736433174403,31.88911429490734,77.57508329649704,77.57508329649704,30,31.798989873223338,0,4,0.30008385063047716,42,33368,0.03459527537522977,0,2.0,mars,adaptive_risk_aware_astar,64,5,800,0.2,0.25,6,1.0,1.0,,0.0,20,10,2.0,0.6,moon,25.0,mars_comm_delay,ood
400032,success,True,0.0,10.281575833388214,0,5,406.16114523115215,258.707043657659,265.8792317598327,110.41989938395825,264,25.798989873223338,11,2,0.2612936593795707,75,63801,0.028467514430418617,0,0.0,mars,adaptive_risk_aware_astar,64,5,800,0.2,0.25,6,1.0,1.0,,0.0,20,10,2.0,0.6,moon,25.0,mars_comm_delay,ood
400033,success,True,1.236935143682114,8.442189452281752,1,5,290.0189536521167,151.90447967746675,275.2188593586772,162.081074025779,160,30.970562748477146,6,1,0.30963409755706023,51,37173,0.04902568608271063,0,0.0,mars,adaptive_risk_aware_astar,64,5,800,0.2,0.25,6,1.0,1.0,,0.0,20,10,2.0,0.6,moon,25.0,mars_comm_delay,ood
400034,success,True,0.0,12.717881015155145,0,5,206.871940773485,62.570985960691445,269.0323785205405,229.00050022361037,62,17.071067811865476,2,2,0.32822328251063426,64,72475,0.03616730221046671,0,0.0,mars,adaptive_risk_aware_astar,64,5,800,0.2,0.25,6,1.0,1.0,,0.0,20,10,2.0,0.6,moon,25.0,mars_comm_delay,ood
400035,energy_exhausted,False,0.0,8.869218248335546,0,5,396.0866963836766,28.07054652654942,45.31718347620632,45.33718347620632,29,29.55634918610405,0,3,0.27274355525917626,34,35201,0.041273786090176845,0,1.4142135623730951,mars,adaptive_risk_aware_astar,64,5,800,0.2,0.25,6,1.0,1.0,,0.0,20,10,2.0,0.6,moon,25.0,mars_comm_delay,ood
400036,success,True,5.172389931770752,12.205281884196726,2,5,870.625098531332,728.7859316391223,271.49416644111454,1.7212731789334033,746,69.94112549695426,31,5,0.280925931978694,143,84118,0.15425030058480194,0,0.0,mars,adaptive_risk_aware_astar,64,5,800,0.2,0.25,6,1.0,1.0,,0.0,20,10,2.0,0.6,moon,25.0,mars_comm_delay,ood
400037,energy_exhausted,False,0.0,10.849583089372857,0,5,404.0855327568337,19.487056207755376,28.73485678425525,28.75485678425525,23,23.313708498984763,0,2,0.3899357334945316,42,48127,0.13082222693765067,0,11.661903789690601,mars,adaptive_risk_aware_astar,64,5,800,0.2,0.25,6,1.0,1.0,,0.0,20,10,2.0,0.6,moon,25.0,mars_comm_delay,ood
400038,timeout,False,2.3560180656126475,12.89455164165896,1,5,965.5955183329249,767.8456863342443,215.58350133464512,53.65294297780355,800,105.25483399593898,33,1,0.2880727738049649,148,134095,0.039595523538157984,0,0.0,mars,adaptive_risk_aware_astar,64,5,800,0.2,0.25,6,1.0,1.0,,0.0,20,10,2.0,0.6,moon,25.0,mars_comm_delay,ood
400039,success,True,1.7648669781534534,8.546839348498514,1,5,557.7660841462132,406.6063737991681,262.17362298628143,73.25226884190538,426,56.62741699796951,17,1,0.31408249061008064,92,94173,0.03183669766855779,1,0.0,mars,adaptive_risk_aware_astar,64,5,800,0.2,0.25,6,1.0,1.0,,0.0,20,10,2.0,0.6,moon,25.0,mars_comm_delay,ood
400040,success,True,2.643272406132337,8.82589080977645,1,5,717.5890636559596,564.0333927886327,259.7776624659908,92.99376342372884,545,43.21320343559643,23,3,0.29941316522017414,139,105175,0.1891940725069845,1,0.0,mars,adaptive_risk_aware_astar,64,5,800,0.2,0.25,6,1.0,1.0,,0.0,20,10,2.0,0.6,moon,25.0,mars_comm_delay,ood
400041,success,True,0.0,11.03122399243434,0,5,114.69691175606324,22.719730196164562,321.3561517734349,321.37615177343486,25,0.0,1,2,0.6890628949941683,42,46751,0.041401695240082415,0,0.0,mars,adaptive_risk_aware_astar,64,5,800,0.2,0.25,6,1.0,1.0,,0.0,20,10,2.0,0.6,moon,25.0,mars_comm_delay,ood
400042,immobilized,False,2.6825081225760576,11.069701112431636,1,5,365.6172967285918,170.05146825394277,217.76750485867936,105.5756170538651,151,44.142135623730944,5,4,0.3535359399480122,47,45857,0.02184881100663405,0,0.0,mars,adaptive_risk_aware_astar,64,5,800,0.2,0.25,6,1.0,1.0,,0.0,20,10,2.0,0.6,moon,25.0,mars_comm_delay,ood
400043,energy_exhausted,False,6.752207558224436,10.627744261056389,3,5,689.5941443085949,278.18188370127564,1.9210727260053215,1.9410727260053215,261,99.6396103067892,8,3,0.26057777025461976,90,76836,0.01737553768504263,0,2.8284271247461903,mars,adaptive_risk_aware_astar,64,5,800,0.2,0.25,6,1.0,1.0,,0.0,20,10,2.0,0.6,moon,25.0,mars_comm_delay,ood
400044,success,True,0.0,8.878812952777938,0,5,498.51067629740794,338.0780510470408,252.90070808295778,86.7536762492583,346,70.42640687119281,13,2,0.23959077990698838,120,121238,0.061534478398646564,0,0.0,mars,adaptive_risk_aware_astar,64,5,800,0.2,0.25,6,1.0,1.0,,0.0,20,10,2.0,0.6,moon,25.0,mars_comm_delay,ood
400045,energy_exhausted,False,2.571866994183246,12.070486997534495,1,5,906.8468101289058,550.477029770706,56.963552975127726,56.98355297512773,618,124.08326112068517,23,2,0.2417917323268756,170,100671,0.0477559648585143,0,8.246211251235321,mars,adaptive_risk_aware_astar,64,5,800,0.2,0.25,6,1.0,1.0,,0.0,20,10,2.0,0.6,moon,25.0,mars_comm_delay,ood
400046,success,True,1.0759328114998117,9.241608205169689,1,5,355.7755994226929,225.21771182531066,282.7754457359441,111.69166543404283,208,38.04163056034261,8,3,0.4019369605723846,75,78234,0.009466756105320773,0,0.0,mars,adaptive_risk_aware_astar,64,5,800,0.2,0.25,6,1.0,1.0,,0.0,20,10,2.0,0.6,moon,25.0,mars_comm_delay,ood
400047,success,True,0.0,9.665149970503345,0,5,819.4950942951882,656.8617524440109,250.6999914821486,112.15153903794977,557,57.11269837220807,23,6,0.3001299676677666,174,174053,0.04232811527881164,0,0.0,mars,adaptive_risk_aware_astar,64,5,800,0.2,0.25,6,1.0,1.0,,0.0,20,10,2.0,0.6,moon,25.0,mars_comm_delay,ood
400048,energy_exhausted,False,1.8113072495381968,8.369900996280546,1,5,436.4419442769355,24.4282851406387,1.3196741970365744,1.3396741970365744,25,29.041630560342625,0,2,0.38593472269925844,32,40022,0.022843341459682254,0,17.0,mars,adaptive_risk_aware_astar,64,5,800,0.2,0.25,6,1.0,1.0,,0.0,20,10,2.0,0.6,moon,25.0,mars_comm_delay,ood
400049,success,True,2.4809861891598297,10.408582726408738,1,5,259.47671469981503,114.17638192952272,268.0330005630414,195.74106979085946,124,37.31370849898475,4,2,0.2624372529676495,67,82467,0.03363708164119539,0,0.0,mars,adaptive_risk_aware_astar,64,5,800,0.2,0.25,6,1.0,1.0,,0.0,20,10,2.0,0.6,moon,25.0,mars_comm_delay,ood
400050,energy_exhausted,False,2.544867230415451,9.016487812813203,1,5,683.2715920921428,290.6707963679051,20.732537609085323,20.752537609085323,275,61.69848480983498,10,6,0.3961184852194881,70,58715,0.033052662127497356,0,1.4142135623730951,mars,adaptive_risk_aware_astar,64,5,800,0.2,0.25,6,1.0,1.0,,0.0,20,10,2.0,0.6,moon,25.0,mars_comm_delay,ood
400051,energy_exhausted,False,1.9844359736195682,9.000460904000539,1,5,907.0457940264948,495.7409316213393,2.028470928175936,2.048470928175936,522,89.0121933088197,20,5,0.2925306493587802,113,114789,0.028577755801682314,0,2.0,mars,adaptive_risk_aware_astar,64,5,800,0.2,0.25,6,1.0,1.0,,0.0,20,10,2.0,0.6,moon,25.0,mars_comm_delay,ood
400052,energy_exhausted,False,1.3025252648500094,10.4968674484105,1,5,482.4724070392677,71.50264647217081,2.363572766237034,2.383572766237034,70,71.55634918610403,0,2,0.2080183960759331,81,74699,0.020441221484860495,0,4.0,mars,adaptive_risk_aware_astar,64,5,800,0.2,0.25,6,1.0,1.0,,0.0,20,10,2.0,0.6,moon,25.0,mars_comm_delay,ood
400053,success,True,2.8428104718997353,8.94485504185127,1,5,310.99517272495524,184.0966798320317,286.43484044040406,139.95759765462066,178,24.485281374238575,7,4,0.46439427263246064,54,74971,0.029454042724854634,0,0.0,mars,adaptive_risk_aware_astar,64,5,800,0.2,0.25,6,1.0,1.0,,0.0,20,10,2.0,0.6,moon,25.0,mars_comm_delay,ood
400004,success,True,0.0,10.342360460905567,0,5,463.9720505662575,308.0204776121498,257.3817603792147,104.73711798562081,260,17.65685424949238,11,4,0.6712304173534052,77,6707,0.057800433155206776,1,0.0,mars,astar,64,5,800,0.2,0.25,6,1.0,1.0,,0.0,20,10,2.0,0.6,moon,25.0,mars_comm_delay,ood
400005,success,True,0.0,9.623904321875369,0,5,278.61917286721354,134.84808937097057,269.56224983708483,171.63036120323585,134,24.48528137423857,5,2,0.2866971763553753,59,8182,0.03616564488777052,0,0.0,mars,astar,64,5,800,0.2,0.25,6,1.0,1.0,,0.0,20,10,2.0,0.6,moon,25.0,mars_comm_delay,ood
400006,success,True,2.660266403645624,9.130953200747532,1,5,378.47553425576695,237.912586218874,272.77038529643113,79.98053105981805,242,22.48528137423857,10,2,0.3703391271282629,68,5985,0.0039531585761913846,0,0.0,mars,astar,64,5,800,0.2,0.25,6,1.0,1.0,,0.0,20,10,2.0,0.6,moon,25.0,mars_comm_delay,ood
400007,energy_exhausted,False,0.0,10.037456096628219,0,5,381.61383697728513,32.933093960475986,64.65259031652428,64.67259031652428,32,38.2842712474619,0,1,0.3544857561678921,33,2769,0.024190448159444267,0,1.4142135623730951,mars,astar,64,5,800,0.2,0.25,6,1.0,1.0,,0.0,20,10,2.0,0.6,moon,25.0,mars_comm_delay,ood
400008,energy_exhausted,False,0.0,8.885444925719812,0,5,418.00563013468434,18.324065935470323,13.651769134119524,13.671769134119524,20,19.071067811865476,0,2,0.4651247073607485,41,4442,0.02320688024300166,0,17.72004514666935,mars,astar,64,5,800,0.2,0.25,6,1.0,1.0,,0.0,20,10,2.0,0.6,moon,25.0,mars_comm_delay,ood
400009,energy_exhausted,False,1.853705666136612,10.375277040139736,1,5,345.18709492432,24.187632821851082,92.33387123086489,92.35387123086488,26,29.213203435596434,0,1,0.35288726800249015,39,3112,0.04069784668687282,1,5.656854249492381,mars,astar,64,5,800,0.2,0.25,6,1.0,1.0,,0.0,20,10,2.0,0.6,moon,25.0,mars_comm_delay,ood
400010,success,True,1.8158144339910596,10.41206692211277,1,5,340.054117269755,218.73661740551276,292.01583346908575,138.6878499181891,184,60.52691193458115,6,0,0.21491850386069236,82,9915,0.03175998256682311,1,0.0,mars,astar,64,5,800,0.2,0.25,6,1.0,1.0,,0.0,20,10,2.0,0.6,moon,25.0,mars_comm_delay,ood
400011,energy_exhausted,False,0.0,9.044600831464807,0,5,345.9985528290986,16.08609125638868,83.42087176062378,83.44087176062378,16,14.485281374238571,0,2,0.5265718060123732,32,3455,0.022627937483027383,1,2.8284271247461903,mars,astar,64,5,800,0.2,0.25,6,1.0,1.0,,0.0,20,10,2.0,0.6,moon,25.0,mars_comm_delay,ood
400012,energy_exhausted,False,2.065511083809088,9.399408209832723,1,5,426.6941356747027,28.870149414285738,15.509347072916594,15.529347072916593,28,24.65685424949238,0,4,0.3885680166665446,43,2979,0.006083841321562811,0,1.0,mars,astar,64,5,800,0.2,0.25,6,1.0,1.0,,0.0,20,10,2.0,0.6,moon,25.0,mars_comm_delay,ood
400013,timeout,False,0.0,11.422294659534387,0,5,1081.5600466788753,914.8262505044303,246.5995371588768,57.96027322321306,800,65.11269837220807,34,6,0.3189090949694196,182,15937,0.030725873572320928,0,0.0,mars,astar,64,5,800,0.2,0.25,6,1.0,1.0,,0.0,20,10,2.0,0.6,moon,25.0,mars_comm_delay,ood
400014,energy_exhausted,False,2.4472873995289284,10.17582267325629,1,5,389.4377556042726,22.6651297657645,46.56070749482544,46.58070749482544,23,23.313708498984763,0,2,0.36987490870790596,31,4158,0.02385746571367786,0,19.697715603592208,mars,astar,64,5,800,0.2,0.25,6,1.0,1.0,,0.0,20,10,2.0,0.6,moon,25.0,mars_comm_delay,ood
400015,energy_exhausted,False,0.0,12.083069141602065,0,5,416.45476998943127,9.892172758857058,6.770736102759115,6.790736102759115,13,11.899494936611667,0,2,0.520594718262079,42,5899,0.0258203560659912,1,10.0,mars,astar,64,5,800,0.2,0.25,6,1.0,1.0,,0.0,20,10,2.0,0.6,moon,25.0,mars_comm_delay,ood
400016,success,True,0.0,12.058914380674398,0,5,138.88235586796168,29.30488317959371,303.75586064496724,285.20041729679616,32,8.0,1,1,0.3008878466275466,43,6151,0.02925772622775047,0,0.0,mars,astar,64,5,800,0.2,0.25,6,1.0,1.0,,0.0,20,10,2.0,0.6,moon,25.0,mars_comm_delay,ood
400017,energy_exhausted,False,0.0,10.377593705823667,0,5,372.6468203046265,25.149697748286165,65.83621077699306,65.85621077699305,24,22.485281374238575,0,3,0.37541606003370104,43,5270,0.036130545420617555,0,2.0,mars,astar,64,5,800,0.2,0.25,6,1.0,1.0,,0.0,20,10,2.0,0.6,moon,25.0,mars_comm_delay,ood
400018,success,True,1.494875937372436,9.300711949766486,1,5,1023.3045898804047,893.2355846657165,283.264328118637,72.91387965328163,774,102.56854249492376,31,5,0.2776656067733709,206,16306,0.02265516442675497,1,0.0,mars,astar,64,5,800,0.2,0.25,6,1.0,1.0,,0.0,20,10,2.0,0.6,moon,25.0,mars_comm_delay,ood
400019,energy_exhausted,False,2.4782920855920345,10.403107865331462,1,5,459.7228818686791,159.09513959240493,112.70559105705424,112.72559105705423,153,44.31370849898475,5,1,0.30540573983641334,63,4804,0.1532944521877817,0,3.605551275463989,mars,astar,64,5,800,0.2,0.25,6,1.0,1.0,,0.0,20,10,2.0,0.6,moon,25.0,mars_comm_delay,ood
400020,success,True,1.6689129305107204,7.490868008358168,1,5,302.0568226700051,158.57421360690702,269.8507242702288,140.91915163944336,148,20.384776310850242,6,3,0.4207020359925312,52,4102,0.015970888566868124,0,0.0,mars,astar,64,5,800,0.2,0.25,6,1.0,1.0,,0.0,20,10,2.0,0.6,moon,25.0,mars_comm_delay,ood
400021,energy_exhausted,False,0.0,8.656699591862557,0,5,399.2843587894538,32.39298387205171,46.4419584159315,46.461958415931505,31,33.213203435596434,0,1,0.3759226281974251,44,3149,0.023724383226345958,2,5.656854249492381,mars,astar,64,5,800,0.2,0.25,6,1.0,1.0,,0.0,20,10,2.0,0.6,moon,25.0,mars_comm_delay,ood
400022,success,True,1.274123461933285,10.050554038465963,1,5,754.6320932268688,611.7380181163655,270.4392582228236,78.23335773663366,548,71.11269837220806,22,2,0.2953393555732093,138,14175,0.02631753991617347,0,0.0,mars,astar,64,5,800,0.2,0.25,6,1.0,1.0,,0.0,20,10,2.0,0.6,moon,25.0,mars_comm_delay,ood
400023,success,True,0.0,9.312488982340422,0,5,175.7658940285027,36.098742697691605,273.6661820025233,253.14718124814698,36,14.485281374238573,1,1,0.27774225929001994,53,5290,0.10241591413897488,0,0.0,mars,astar,64,5,800,0.2,0.25,6,1.0,1.0,,0.0,20,10,2.0,0.6,moon,25.0,mars_comm_delay,ood
400024,success,True,0.0,8.945433533721532,0,5,290.7904734860046,149.9292735750573,272.47213342237984,146.1566127286818,164,9.656854249492381,7,1,0.46958374662602675,49,4848,0.025242209632183932,0,0.0,mars,astar,64,5,800,0.2,0.25,6,1.0,1.0,,0.0,20,10,2.0,0.6,moon,25.0,mars_comm_delay,ood
400025,success,True,1.187697045456624,6.504449313092817,1,5,658.4072926257426,513.9117711143914,268.837811821972,7.315439316729998,476,36.48528137423857,20,3,0.2990250736895861,87,6213,0.038201131116215814,0,0.0,mars,astar,64,5,800,0.2,0.25,6,1.0,1.0,,0.0,20,10,2.0,0.6,moon,25.0,mars_comm_delay,ood
400026,success,True,2.908728450954972,12.919125223882055,1,5,480.7948882010247,350.79446763966166,283.33291277195974,73.85402078161363,334,53.4558441227157,13,1,0.30359383547136637,76,5553,0.049490784704159796,0,0.0,mars,astar,64,5,800,0.2,0.25,6,1.0,1.0,,0.0,20,10,2.0,0.6,moon,25.0,mars_comm_delay,ood
400027,success,True,0.0,10.052784418734847,0,5,425.6462980623342,269.34217508551507,257.02921035650604,98.32310768056887,270,27.07106781186548,11,2,0.2993175269077921,94,10700,0.037741661072342225,1,0.0,mars,astar,64,5,800,0.2,0.25,6,1.0,1.0,,0.0,20,10,2.0,0.6,moon,25.0,mars_comm_delay,ood
400028,energy_exhausted,False,0.0,11.175818835571611,0,5,410.7050994170121,18.086584829455933,20.714818745777453,20.734818745777453,20,16.414213562373096,0,3,0.4390511487617488,33,3689,0.02029238052706339,0,6.082762530298219,mars,astar,64,5,800,0.2,0.25,6,1.0,1.0,,0.0,20,10,2.0,0.6,moon,25.0,mars_comm_delay,ood
400029,energy_exhausted,False,1.9269961299693577,7.772974148827593,1,5,420.7580210762942,24.675151870412,17.250464127451142,17.27046412745114,26,26.970562748477146,0,3,0.36063073644653554,41,3120,0.021949909000914092,0,10.0,mars,astar,64,5,800,0.2,0.25,6,1.0,1.0,,0.0,20,10,2.0,0.6,moon,25.0,mars_comm_delay,ood
400030,success,True,0.0,9.716785046362691,0,5,279.26143620127993,145.40897957028764,279.4808767023354,157.39620532265542,144,11.656854249492381,6,2,0.47450443987522434,49,4372,0.033790358183305225,0,0.0,mars,astar,64,5,800,0.2,0.25,6,1.0,1.0,,0.0,20,10,2.0,0.6,moon,25.0,mars_comm_delay,ood
400031,energy_exhausted,False,2.674855726775574,12.854598146362186,1,5,363.32321894859615,29.348752672570978,79.35886705730822,79.37886705730821,29,28.485281374238575,0,2,0.4013101745567448,49,3564,0.02932046929395027,0,8.246211251235321,mars,astar,64,5,800,0.2,0.25,6,1.0,1.0,,0.0,20,10,2.0,0.6,moon,25.0,mars_comm_delay,ood
400032,energy_exhausted,False,2.6622491917741566,10.281575833388214,1,5,422.55473463947635,24.694187381722852,15.47278607558028,15.49278607558028,27,27.313708498984763,0,2,0.33046574380288907,45,4946,0.062417023638580815,0,12.165525060596439,mars,astar,64,5,800,0.2,0.25,6,1.0,1.0,,0.0,20,10,2.0,0.6,moon,25.0,mars_comm_delay,ood
400033,success,True,1.236935143682114,8.442189452281752,1,5,160.8643218557171,44.2433003355849,296.7123118132024,277.8726809243855,47,28.384776310850242,1,0,0.2541970450035087,46,4302,0.027854813776298615,1,0.0,mars,astar,64,5,800,0.2,0.25,6,1.0,1.0,,0.0,20,10,2.0,0.6,moon,25.0,mars_comm_delay,ood
400034,energy_exhausted,False,0.0,12.717881015155145,0,5,654.0703254981768,250.08522337117233,9.348231206320158,9.368231206320157,247,49.79898987322332,9,5,0.3480511237080762,106,10524,0.02002393222471821,0,4.47213595499958,mars,astar,64,5,800,0.2,0.25,6,1.0,1.0,,0.0,20,10,2.0,0.6,moon,25.0,mars_comm_delay,ood
400035,energy_exhausted,False,0.0,8.869218248335546,0,5,434.6413143566855,24.49817082639107,3.1901898030390945,3.2101898030390945,26,20.82842712474619,0,5,0.46044822210101904,54,5762,0.19347290715309984,0,10.198039027185569,mars,astar,64,5,800,0.2,0.25,6,1.0,1.0,,0.0,20,10,2.0,0.6,moon,25.0,mars_comm_delay,ood
400036,success,True,5.172389931770752,12.205281884196726,2,5,310.0213673614103,164.4701773951391,267.78214336705577,152.3572117957313,168,41.21320343559642,6,1,0.2595990513749381,73,4295,0.0180008427036098,0,0.0,mars,astar,64,5,800,0.2,0.25,6,1.0,1.0,,0.0,20,10,2.0,0.6,moon,25.0,mars_comm_delay,ood
400037,immobilized,False,0.0,10.849583089372857,0,5,273.4657351841189,7.718844881301444,147.58644303051608,147.58644303051608,9,7.242640687119285,0,3,0.4828445527631556,30,3436,0.02022533483955591,0,6.708203932499369,mars,astar,64,5,800,0.2,0.25,6,1.0,1.0,,0.0,20,10,2.0,0.6,moon,25.0,mars_comm_delay,ood
400038,success,True,0.0,12.89455164165896,0,5,558.4568412953803,393.9374099396686,248.8139019776158,21.91021590502875,412,39.31370849898475,17,3,0.3480528096622822,102,8725,0.15931718641192083,0,0.0,mars,astar,64,5,800,0.2,0.25,6,1.0,1.0,,0.0,20,10,2.0,0.6,moon,25.0,mars_comm_delay,ood
400039,success,True,0.0,8.546839348498514,0,5,260.7166216084686,115.30267409230663,267.9193858171704,174.30910438708477,122,10.828427124746192,5,2,0.392629032920057,58,7120,0.03123571430872829,0,0.0,mars,astar,64,5,800,0.2,0.25,6,1.0,1.0,,0.0,20,10,2.0,0.6,moon,25.0,mars_comm_delay,ood
400040,success,True,2.643272406132337,8.82589080977645,1,5,628.3536900911585,472.9967200354432,257.9763632776113,31.393975015236638,458,21.798989873223338,20,2,0.3583071935262889,89,7078,0.1621250573389018,0,0.0,mars,astar,64,5,800,0.2,0.25,6,1.0,1.0,,0.0,20,10,2.0,0.6,moon,25.0,mars_comm_delay,ood
400041,success,True,0.0,11.03122399243434,0,5,223.1836389921185,76.96966343572915,267.1193577769455,211.9467551623335,82,16.48528137423857,3,2,0.40036791920418596,65,6459,0.04489305137104527,0,0.0,mars,astar,64,5,800,0.2,0.25,6,1.0,1.0,,0.0,20,10,2.0,0.6,moon,25.0,mars_comm_delay,ood
400042,immobilized,False,2.6825081225760576,11.069701112431636,1,5,363.8710075879716,170.08954245113955,219.5518681964959,107.35998039168169,151,41.65685424949238,5,4,0.3614815228586161,56,6593,0.011721420962850893,0,0.0,mars,astar,64,5,800,0.2,0.25,6,1.0,1.0,,0.0,20,10,2.0,0.6,moon,25.0,mars_comm_delay,ood
400043,success,True,2.682945434512903,10.627744261056389,1,5,529.4159698237319,402.26862403450593,286.1859875441031,70.77309245137923,378,55.94112549695426,15,1,0.2605428443757829,87,6769,0.027306295185379637,0,0.0,mars,astar,64,5,800,0.2,0.25,6,1.0,1.0,,0.0,20,10,2.0,0.6,moon,25.0,mars_comm_delay,ood
400044,success,True,0.0,8.878812952777938,0,5,479.8630157107967,329.85722368150465,263.3275413040259,127.06120726343431,336,32.627416997969526,14,3,0.2512468027532235,99,8961,0.0780599559101468,0,0.0,mars,astar,64,5,800,0.2,0.25,6,1.0,1.0,,0.0,20,10,2.0,0.6,moon,25.0,mars_comm_delay,ood
400045,energy_exhausted,False,0.0,12.070486997534495,0,5,436.16797199374065,25.749162114156764,2.9145234537497844,2.9345234537497844,29,25.656854249492383,0,4,0.33528404558746566,52,4303,0.005135345195715235,0,10.198039027185569,mars,astar,64,5,800,0.2,0.25,6,1.0,1.0,,0.0,20,10,2.0,0.6,moon,25.0,mars_comm_delay,ood
400046,success,True,1.0759328114998117,9.241608205169689,1,5,350.5651706565425,210.27866865762925,273.0468313344127,100.90851514507206,196,21.313708498984763,8,4,0.5586163551701163,64,5915,0.004171515769023193,0,0.0,mars,astar,64,5,800,0.2,0.25,6,1.0,1.0,,0.0,20,10,2.0,0.6,moon,25.0,mars_comm_delay,ood
400047,immobilized,False,0.0,9.665149970503345,0,5,300.00354956420244,9.779646780839881,123.1094305499709,123.1094305499709,8,5.82842712474619,0,3,0.5550872601210045,22,3337,0.027391036653498735,0,5.385164807134504,mars,astar,64,5,800,0.2,0.25,6,1.0,1.0,,0.0,20,10,2.0,0.6,moon,25.0,mars_comm_delay,ood
400048,success,True,0.0,8.369900996280546,0,5,455.98412188268327,325.7213887366483,283.07060018728646,15.79838464711198,320,40.76955262170046,13,3,0.27622343550768863,69,5173,0.024506033296980978,0,0.0,mars,astar,64,5,800,0.2,0.25,6,1.0,1.0,,0.0,20,10,2.0,0.6,moon,25.0,mars_comm_delay,ood
400049,energy_exhausted,False,2.4809861891598297,10.408582726408738,1,5,452.2336218571986,41.32414497931829,2.423856455452946,2.443856455452946,45,54.18376618407354,0,1,0.2898200605442976,56,6049,0.0365528068034795,0,1.4142135623730951,mars,astar,64,5,800,0.2,0.25,6,1.0,1.0,,0.0,20,10,2.0,0.6,moon,25.0,mars_comm_delay,ood
400050,energy_exhausted,False,0.0,9.016487812813203,0,5,397.08332537608635,27.9251922912342,44.17520024848143,44.195200248481434,26,22.82842712474619,0,3,0.35959811521448615,34,3639,0.01938120263581189,0,10.0,mars,astar,64,5,800,0.2,0.25,6,1.0,1.0,,0.0,20,10,2.0,0.6,moon,25.0,mars_comm_delay,ood
400051,success,True,1.9844359736195682,9.000460904000539,1,5,491.2472755854639,352.10015505839056,274.18621280624683,110.33563793658445,374,43.65685424949238,15,2,0.3210367466784067,91,10611,0.11632556668121408,0,0.0,mars,astar,64,5,800,0.2,0.25,6,1.0,1.0,,0.0,20,10,2.0,0.6,moon,25.0,mars_comm_delay,ood
400052,success,True,1.3025252648500094,10.4968674484105,1,5,503.7858231539114,367.4800654922038,277.0275756716137,53.86178586274381,358,53.79898987322332,14,1,0.25867455017582675,88,8598,0.042205466658983504,0,0.0,mars,astar,64,5,800,0.2,0.25,6,1.0,1.0,,0.0,20,10,2.0,0.6,moon,25.0,mars_comm_delay,ood
400053,success,True,2.8428104718997353,8.94485504185127,1,5,294.3292628270228,159.0640657697421,278.06813627604754,153.54671546476453,154,23.656854249492383,6,1,0.4370645985060105,53,8124,0.005228048379922412,0,0.0,mars,astar,64,5,800,0.2,0.25,6,1.0,1.0,,0.0,20,10,2.0,0.6,moon,25.0,mars_comm_delay,ood
400004,energy_exhausted,False,0.0,10.342360460905567,0,5,408.2881733696984,11.341673840468069,16.38683380410299,16.40683380410299,12,9.242640687119286,0,2,0.7191177949094003,24,17530,0.03658261299487753,1,6.082762530298219,mars,risk_aware_astar,64,5,800,0.2,0.25,6,1.0,1.0,,0.0,20,10,2.0,0.6,moon,25.0,mars_comm_delay,ood
400005,success,True,1.7572859911266732,9.623904321875369,1,5,342.48810447679875,202.38843650548765,273.23366536201456,135.73073911450192,200,52.62741699796952,7,0,0.2510289202069466,65,77113,0.020915855392455218,0,0.0,mars,risk_aware_astar,64,5,800,0.2,0.25,6,1.0,1.0,,0.0,20,10,2.0,0.6,moon,25.0,mars_comm_delay,ood
400006,success,True,2.660266403645624,9.130953200747532,1,5,355.7513406670328,216.23412795343467,273.816120619727,99.44584144689874,220,22.48528137423857,9,1,0.3540688984574631,66,62106,0.005426343812969359,0,0.0,mars,risk_aware_astar,64,5,800,0.2,0.25,6,1.0,1.0,,0.0,20,10,2.0,0.6,moon,25.0,mars_comm_delay,ood
400007,energy_exhausted,False,0.0,10.037456096628219,0,5,368.71131874933997,32.196144116032215,76.8181587000258,76.8381587000258,31,33.213203435596434,0,2,0.2858242374134435,44,39705,0.023707467192476295,1,1.4142135623730951,mars,risk_aware_astar,64,5,800,0.2,0.25,6,1.0,1.0,,0.0,20,10,2.0,0.6,moon,25.0,mars_comm_delay,ood
400008,timeout,False,2.2481687817824647,8.885444925719812,1,5,991.6654833789385,787.7617036570769,209.42955361144774,35.26527310176175,800,123.49747468305826,32,3,0.21143811712328234,189,128750,0.03283694421883809,1,0.0,mars,risk_aware_astar,64,5,800,0.2,0.25,6,1.0,1.0,,0.0,20,10,2.0,0.6,moon,25.0,mars_comm_delay,ood
400009,energy_exhausted,False,2.9643442354033516,10.375277040139736,1,5,422.02047663403846,25.360822961881674,16.67367966117682,16.69367966117682,28,32.041630560342625,0,2,0.3665012118993844,32,25372,0.020650547978478873,0,10.0,mars,risk_aware_astar,64,5,800,0.2,0.25,6,1.0,1.0,,0.0,20,10,2.0,0.6,moon,25.0,mars_comm_delay,ood
400010,energy_exhausted,False,4.648062636397613,10.41206692211277,2,5,471.9294065442513,60.99220733906,2.3961341281420085,2.4161341281420086,61,67.28427124746186,0,1,0.23997542544872624,57,72295,0.02324189046173397,0,2.23606797749979,mars,risk_aware_astar,64,5,800,0.2,0.25,6,1.0,1.0,,0.0,20,10,2.0,0.6,moon,25.0,mars_comm_delay,ood
400011,success,True,0.0,9.044600831464807,0,5,376.7175450220474,235.4969913285684,272.1127796398472,101.81103139751025,222,52.526911934581165,8,3,0.35382825108260413,101,104239,0.10167076787914353,3,0.0,mars,risk_aware_astar,64,5,800,0.2,0.25,6,1.0,1.0,,0.0,20,10,2.0,0.6,moon,25.0,mars_comm_delay,ood
400012,immobilized,False,4.472829938007017,9.399408209832723,2,5,760.4006158896182,366.26627653396304,19.198993977670334,19.198993977670334,341,59.87005768508878,13,9,0.4211952330495304,84,68881,0.053976086107794585,0,1.0,mars,risk_aware_astar,64,5,800,0.2,0.25,6,1.0,1.0,,0.0,20,10,2.0,0.6,moon,25.0,mars_comm_delay,ood
400013,timeout,False,0.0,11.422294659534387,0,5,1217.724517535922,915.1492347990034,110.75805059640547,87.58981448984545,800,77.25483399593898,34,10,0.32009010879659966,243,225181,0.044065199137017674,0,0.0,mars,risk_aware_astar,64,5,800,0.2,0.25,6,1.0,1.0,,0.0,20,10,2.0,0.6,moon,25.0,mars_comm_delay,ood
400014,energy_exhausted,False,2.4472873995289284,10.17582267325629,1,5,435.15376150640543,24.580314728408847,2.75988655533722,2.77988655533722,25,25.72792206135786,0,2,0.3535477116413373,31,40902,0.02212919314805939,0,17.46424919657298,mars,risk_aware_astar,64,5,800,0.2,0.25,6,1.0,1.0,,0.0,20,10,2.0,0.6,moon,25.0,mars_comm_delay,ood
400015,energy_exhausted,False,2.6878019553130885,12.083069141602065,1,5,422.17725480580896,23.281308267071854,14.437386794596366,14.457386794596365,27,29.213203435596434,0,2,0.4011622338511868,42,53689,0.022255039364384888,1,8.0,mars,risk_aware_astar,64,5,800,0.2,0.25,6,1.0,1.0,,0.0,20,10,2.0,0.6,moon,25.0,mars_comm_delay,ood
400016,success,True,0.0,12.058914380674398,0,5,417.38988594162794,284.87115768902714,280.8146050807209,39.353841554515924,304,14.828427124746192,13,3,0.3468149987848031,66,77271,0.1832159683541148,0,0.0,mars,risk_aware_astar,64,5,800,0.2,0.25,6,1.0,1.0,,0.0,20,10,2.0,0.6,moon,25.0,mars_comm_delay,ood
400017,energy_exhausted,False,2.015181804021767,10.377593705823667,1,5,439.90879530205984,51.33622923997405,24.760767271247747,24.780767271247747,49,57.35533905932735,0,1,0.28552627015441784,47,50344,0.03598510133823973,0,2.0,mars,risk_aware_astar,64,5,800,0.2,0.25,6,1.0,1.0,,0.0,20,10,2.0,0.6,moon,25.0,mars_comm_delay,ood
400018,success,True,1.494875937372436,9.300711949766486,1,5,738.6615805092288,588.974297685541,263.64605050963576,53.295602044280656,510,81.49747468305827,20,3,0.26524957695876417,163,119928,0.03413937574120707,0,0.0,mars,risk_aware_astar,64,5,800,0.2,0.25,6,1.0,1.0,,0.0,20,10,2.0,0.6,moon,25.0,mars_comm_delay,ood
400019,energy_exhausted,False,6.74384711050638,10.403107865331462,3,5,873.1929875430006,464.451433456645,4.591779246970146,4.611779246970146,447,109.15432893255064,16,2,0.26015449917269384,111,78176,0.033980396816367,0,2.8284271247461903,mars,risk_aware_astar,64,5,800,0.2,0.25,6,1.0,1.0,,0.0,20,10,2.0,0.6,moon,25.0,mars_comm_delay,ood
400020,immobilized,False,1.6689129305107204,7.490868008358168,1,5,342.0282041434061,136.96857757369372,208.2737067636158,100.99094785708428,127,20.970562748477146,5,5,0.44772514422677995,35,19658,0.018505110727640273,0,0.0,mars,risk_aware_astar,64,5,800,0.2,0.25,6,1.0,1.0,,0.0,20,10,2.0,0.6,moon,25.0,mars_comm_delay,ood
400021,energy_exhausted,False,1.1838366797759214,8.656699591862557,1,5,393.1113275255022,53.4020118335473,73.62401764137844,73.64401764137844,49,55.18376618407354,0,1,0.28191507403576227,81,81571,0.02484057929060779,3,6.4031242374328485,mars,risk_aware_astar,64,5,800,0.2,0.25,6,1.0,1.0,,0.0,20,10,2.0,0.6,moon,25.0,mars_comm_delay,ood
400022,timeout,False,1.274123461933285,10.050554038465963,1,5,1124.4876776801566,897.2239398960667,186.06959554922565,6.5465550563947374,800,108.08326112068517,33,5,0.27103207034406285,191,132303,0.009257545436441084,0,0.0,mars,risk_aware_astar,64,5,800,0.2,0.25,6,1.0,1.0,,0.0,20,10,2.0,0.6,moon,25.0,mars_comm_delay,ood
400023,success,True,0.0,9.312488982340422,0,5,450.2858021938167,292.79546009537296,255.84299123487617,138.51481237159882,284,46.62741699796952,11,2,0.30234665230201896,96,77174,0.14615595664973058,0,0.0,mars,risk_aware_astar,64,5,800,0.2,0.25,6,1.0,1.0,,0.0,20,10,2.0,0.6,moon,25.0,mars_comm_delay,ood
400024,success,True,0.0,8.945433533721532,0,5,269.6768053969203,128.06569456338315,271.7222224997912,164.351357494113,140,6.82842712474619,6,2,0.511623538240813,58,53603,0.023143081703351553,0,0.0,mars,risk_aware_astar,64,5,800,0.2,0.25,6,1.0,1.0,,0.0,20,10,2.0,0.6,moon,25.0,mars_comm_delay,ood
400025,energy_exhausted,False,1.187697045456624,6.504449313092817,1,5,960.3391729268341,549.0668382405527,2.0609986470422905,2.0809986470422905,508,77.84062043356589,20,4,0.2931582719677945,111,112542,0.14915048624836658,0,9.486832980505138,mars,risk_aware_astar,64,5,800,0.2,0.25,6,1.0,1.0,,0.0,20,10,2.0,0.6,moon,25.0,mars_comm_delay,ood
400026,energy_exhausted,False,2.908728450954972,12.919125223882055,1,5,421.7913929775656,33.76792234952646,25.309862705294243,25.329862705294243,30,30.72792206135786,0,2,0.3019382438068824,36,28670,0.054093672584176966,0,8.602325267042627,mars,risk_aware_astar,64,5,800,0.2,0.25,6,1.0,1.0,,0.0,20,10,2.0,0.6,moon,25.0,mars_comm_delay,ood
400027,energy_exhausted,False,2.303114104758288,10.052784418734847,1,5,434.989359579943,28.1573093828323,6.501283136222812,6.521283136222811,29,29.384776310850242,0,3,0.38409322412085367,61,71589,0.00641655796164653,1,12.36931687685298,mars,risk_aware_astar,64,5,800,0.2,0.25,6,1.0,1.0,,0.0,20,10,2.0,0.6,moon,25.0,mars_comm_delay,ood
400028,success,True,2.85670826955898,11.175818835571611,1,5,892.0699786058493,743.6134397385752,264.87679446604756,24.45959398961541,690,57.45584412271568,29,5,0.31478849896268934,160,130612,0.036655478513331174,0,0.0,mars,risk_aware_astar,64,5,800,0.2,0.25,6,1.0,1.0,,0.0,20,10,2.0,0.6,moon,25.0,mars_comm_delay,ood
400029,energy_exhausted,False,1.9269961299693577,7.772974148827593,1,5,668.7808379696652,302.66465718002326,47.21715254367846,32.78260287151895,337,57.94112549695426,13,2,0.32765691564883787,77,47358,0.028704872624494504,0,4.242640687119285,mars,risk_aware_astar,64,5,800,0.2,0.25,6,1.0,1.0,,0.0,20,10,2.0,0.6,moon,25.0,mars_comm_delay,ood
400030,immobilized,False,0.0,9.716785046362691,0,5,459.38392715537975,204.63881983790793,158.58822601585297,97.53589032601306,201,25.313708498984766,8,6,0.4735560042634524,53,44138,0.17997352138065337,1,0.0,mars,risk_aware_astar,64,5,800,0.2,0.25,6,1.0,1.0,,0.0,20,10,2.0,0.6,moon,25.0,mars_comm_delay,ood
400031,immobilized,False,2.6760108965509426,12.854598146362186,1,5,414.5853253148177,33.09538796539033,31.843395983906166,31.843395983906166,31,32.627416997969526,0,5,0.3111208855359219,57,46891,0.03766689612979557,0,2.0,mars,risk_aware_astar,64,5,800,0.2,0.25,6,1.0,1.0,,0.0,20,10,2.0,0.6,moon,25.0,mars_comm_delay,ood
400032,success,True,4.465280776274449,10.281575833388214,2,5,562.6911616218129,399.4471940380198,250.0893657495291,79.5207600939357,408,62.28427124746189,16,1,0.25369901292058394,95,80234,0.028070721954346456,0,0.0,mars,risk_aware_astar,64,5,800,0.2,0.25,6,1.0,1.0,,0.0,20,10,2.0,0.6,moon,25.0,mars_comm_delay,ood
400033,success,True,1.236935143682114,8.442189452281752,1,5,397.39004646499706,237.72134837457403,253.66463524289918,162.081074025779,250,32.97056274847715,10,2,0.3184567190110993,72,53054,0.033664765555994736,0,0.0,mars,risk_aware_astar,64,5,800,0.2,0.25,6,1.0,1.0,,0.0,20,10,2.0,0.6,moon,25.0,mars_comm_delay,ood
400034,timeout,False,0.0,12.717881015155145,0,5,1006.3496274369182,808.0063868303878,214.99009272679882,47.98553592972251,800,40.62741699796952,35,8,0.35530814562185276,163,126402,0.031410158764848206,0,0.0,mars,risk_aware_astar,64,5,800,0.2,0.25,6,1.0,1.0,,0.0,20,10,2.0,0.6,moon,25.0,mars_comm_delay,ood
400035,energy_exhausted,False,0.0,8.869218248335546,0,5,356.1835731331807,28.68472704721247,85.83448724736489,85.85448724736489,30,30.142135623730955,0,3,0.292640504805404,43,44942,0.025934608095010026,0,1.4142135623730951,mars,risk_aware_astar,64,5,800,0.2,0.25,6,1.0,1.0,,0.0,20,10,2.0,0.6,moon,25.0,mars_comm_delay,ood
400036,energy_exhausted,False,7.821862778244176,12.205281884196726,3,5,1057.1512171223112,682.979186680633,39.16130289164922,39.181302891649224,698,95.81118318204302,28,4,0.2916963170057004,139,78669,0.017071041820074906,0,15.0,mars,risk_aware_astar,64,5,800,0.2,0.25,6,1.0,1.0,,0.0,20,10,2.0,0.6,moon,25.0,mars_comm_delay,ood
400037,energy_exhausted,False,2.16551695870698,10.849583089372857,1,5,749.1229561064042,364.4403205220067,28.650697748923616,28.670697748923615,422,53.526911934581165,17,4,0.3448639127875645,111,106992,0.12259226929533917,0,8.54400374531753,mars,risk_aware_astar,64,5,800,0.2,0.25,6,1.0,1.0,,0.0,20,10,2.0,0.6,moon,25.0,mars_comm_delay,ood
400038,energy_exhausted,False,2.3560180656126475,12.89455164165896,1,5,1036.0993023212204,625.3707275336808,2.604758545778441,2.624758545778441,654,92.18376618407352,26,2,0.3230448167880644,142,135577,0.03252980740826639,0,5.830951894845301,mars,risk_aware_astar,64,5,800,0.2,0.25,6,1.0,1.0,,0.0,20,10,2.0,0.6,moon,25.0,mars_comm_delay,ood
400039,success,True,1.7648669781534534,8.546839348498514,1,5,500.5862615340597,355.0166976775584,267.7637694768194,73.25226884190538,372,45.79898987322333,15,2,0.3178744898249167,82,84497,0.0757380453623907,0,0.0,mars,risk_aware_astar,64,5,800,0.2,0.25,6,1.0,1.0,,0.0,20,10,2.0,0.6,moon,25.0,mars_comm_delay,ood
400040,timeout,False,2.643272406132337,8.82589080977645,1,5,1006.3619981074647,826.9352824440846,233.9066176699231,86.74598553175457,800,30.384776310850246,36,6,0.34640626411630576,180,119854,0.016492070653170376,0,0.0,mars,risk_aware_astar,64,5,800,0.2,0.25,6,1.0,1.0,,0.0,20,10,2.0,0.6,moon,25.0,mars_comm_delay,ood
400041,success,True,0.0,11.03122399243434,0,5,250.4835136060012,118.6016484430656,281.45146817040006,188.86602686281972,126,15.656854249492381,5,2,0.42493773825870146,67,64818,0.12171233204327137,0,0.0,mars,risk_aware_astar,64,5,800,0.2,0.25,6,1.0,1.0,,0.0,20,10,2.0,0.6,moon,25.0,mars_comm_delay,ood
400042,energy_exhausted,False,2.6825081225760576,11.069701112431636,1,5,455.86784157843226,48.30642047407199,5.7719122289733225,5.791912228973322,43,44.970562748477136,0,2,0.299993377024719,50,58691,0.15905032774753847,0,1.4142135623730951,mars,risk_aware_astar,64,5,800,0.2,0.25,6,1.0,1.0,,0.0,20,10,2.0,0.6,moon,25.0,mars_comm_delay,ood
400043,energy_exhausted,False,2.682945434512903,10.627744261056389,1,5,450.7090938720382,47.43846802479067,10.062707486086166,10.082707486086166,45,51.112698372208065,0,2,0.30997722312030523,55,52825,0.042025325941579705,0,10.0,mars,risk_aware_astar,64,5,800,0.2,0.25,6,1.0,1.0,,0.0,20,10,2.0,0.6,moon,25.0,mars_comm_delay,ood
400044,energy_exhausted,False,2.901195846735302,8.878812952777938,1,5,448.23935960525307,38.07945102139536,3.1734247494756413,3.1934247494756414,42,45.21320343559642,0,2,0.3321626533147674,57,59891,0.025382561953160354,0,4.47213595499958,mars,risk_aware_astar,64,5,800,0.2,0.25,6,1.0,1.0,,0.0,20,10,2.0,0.6,moon,25.0,mars_comm_delay,ood
400045,timeout,False,2.571866994183246,12.070486997534495,1,5,937.7019003994656,714.1528994418996,189.7843323757695,46.222473248008825,800,124.08326112068518,32,3,0.24249119618552614,163,93162,0.17130909852383414,0,0.0,mars,risk_aware_astar,64,5,800,0.2,0.25,6,1.0,1.0,,0.0,20,10,2.0,0.6,moon,25.0,mars_comm_delay,ood
400046,energy_exhausted,False,2.747236993103781,9.241608205169689,1,5,439.2279473636371,46.8989201582851,21.004306127981977,21.024306127981976,40,42.627416997969505,0,3,0.31197254191223855,52,59573,0.02666860979047425,0,13.92838827718412,mars,risk_aware_astar,64,5,800,0.2,0.25,6,1.0,1.0,,0.0,20,10,2.0,0.6,moon,25.0,mars_comm_delay,ood
400047,energy_exhausted,False,0.0,9.665149970503345,0,5,1296.3311955118345,887.4510743008876,4.4532121223730226,4.473212122373022,755,133.12489168102778,29,8,0.2600407884286159,233,220657,0.04266574473535656,0,2.23606797749979,mars,risk_aware_astar,64,5,800,0.2,0.25,6,1.0,1.0,,0.0,20,10,2.0,0.6,moon,25.0,mars_comm_delay,ood
400048,energy_exhausted,False,1.8113072495381968,8.369900996280546,1,5,431.535671405699,23.34358778437196,5.1412497120062755,5.161249712006275,24,28.041630560342625,0,2,0.3952858875124142,32,40026,0.021001770937932096,0,15.811388300841896,mars,risk_aware_astar,64,5,800,0.2,0.25,6,1.0,1.0,,0.0,20,10,2.0,0.6,moon,25.0,mars_comm_delay,ood
400049,energy_exhausted,False,2.4809861891598297,10.408582726408738,1,5,774.7202762729531,407.9686904880146,46.581747548388876,46.60174754838888,443,74.69848480983495,17,6,0.36335994027711843,130,144701,0.0298269506638712,0,1.0,mars,risk_aware_astar,64,5,800,0.2,0.25,6,1.0,1.0,,0.0,20,10,2.0,0.6,moon,25.0,mars_comm_delay,ood
400050,energy_exhausted,False,0.0,9.016487812813203,0,5,432.89518892672913,35.749459381199706,16.18760378780383,16.20760378780383,33,35.38477631085024,0,2,0.321400097556992,43,38953,0.012329859486881811,0,9.219544457292887,mars,risk_aware_astar,64,5,800,0.2,0.25,6,1.0,1.0,,0.0,20,10,2.0,0.6,moon,25.0,mars_comm_delay,ood
400051,energy_exhausted,False,1.9844359736195682,9.000460904000539,1,5,755.2086278965799,344.6716406542957,2.796346091035414,2.816346091035414,364,61.11269837220806,14,5,0.294603424613801,112,126665,0.08511925338079829,0,3.1622776601683795,mars,risk_aware_astar,64,5,800,0.2,0.25,6,1.0,1.0,,0.0,20,10,2.0,0.6,moon,25.0,mars_comm_delay,ood
400052,success,True,3.4686593707649154,10.4968674484105,2,5,583.1042905102083,439.41109915529427,269.6401419784161,93.94788272055145,428,81.45584412271569,16,1,0.2132528508147092,105,82901,0.019177104604304662,0,0.0,mars,risk_aware_astar,64,5,800,0.2,0.25,6,1.0,1.0,,0.0,20,10,2.0,0.6,moon,25.0,mars_comm_delay,ood
400053,success,True,2.8428104718997353,8.94485504185127,1,5,311.75828098079774,184.04720138506548,285.6222537375954,139.14501095181197,178,23.656854249492383,7,4,0.47185335413227103,54,72297,0.011895990997604411,0,0.0,mars,risk_aware_astar,64,5,800,0.2,0.25,6,1.0,1.0,,0.0,20,10,2.0,0.6,moon,25.0,mars_comm_delay,ood
400004,energy_exhausted,False,0.0,10.342360460905567,0,5,440.1651928378909,30.181278834935842,3.349419330378126,3.369419330378126,27,27.727922061357862,0,2,0.33142792493312206,53,47611,0.019568370490065323,0,3.605551275463989,mars,adaptive_risk_aware_astar,64,5,800,0.2,0.25,6,1.0,1.0,,1.0,0,10,2.0,0.6,moon,25.0,mars_faults,ood
400005,energy_exhausted,False,1.7572859911266732,9.623904321875369,1,5,407.85396780352147,38.158465570783456,43.63783110059564,43.657831100595644,37,38.970562748477136,0,2,0.2656151989825972,41,50286,0.018070233950997383,0,10.770329614269007,mars,adaptive_risk_aware_astar,64,5,800,0.2,0.25,6,1.0,1.0,,1.0,0,10,2.0,0.6,moon,25.0,mars_faults,ood
400006,success,True,2.660266403645624,9.130953200747532,1,5,307.4373618416251,144.06108508987023,249.95705658157442,137.2109740651208,146,25.55634918610405,62,1,0.3007092201147315,119,63756,0.14332472914916106,0,0.0,mars,adaptive_risk_aware_astar,64,5,800,0.2,0.25,6,1.0,1.0,,1.0,0,10,2.0,0.6,moon,25.0,mars_faults,ood
400007,energy_exhausted,False,0.0,10.037456096628219,0,5,359.3126118695271,32.196144116032215,86.21686557983865,86.23686557983865,31,33.213203435596434,0,2,0.28654835143140156,44,42233,0.02370745862493262,1,1.4142135623730951,mars,adaptive_risk_aware_astar,64,5,800,0.2,0.25,6,1.0,1.0,,1.0,0,10,2.0,0.6,moon,25.0,mars_faults,ood
400008,timeout,False,0.0,8.885444925719812,0,5,1009.7003501961963,788.631592579601,192.2645757167107,13.07789242761229,800,107.8406204335659,352,5,0.1702143919304173,501,114826,0.15032775129388998,0,0.0,mars,adaptive_risk_aware_astar,64,5,800,0.2,0.25,6,1.0,1.0,,1.0,0,10,2.0,0.6,moon,25.0,mars_faults,ood
400009,energy_exhausted,False,2.9643442354033516,10.375277040139736,1,5,408.64481193282785,23.811973455864976,28.500494856370743,28.520494856370743,26,27.384776310850242,0,3,0.3639398677266628,33,25659,0.025739865879581103,0,14.866068747318506,mars,adaptive_risk_aware_astar,64,5,800,0.2,0.25,6,1.0,1.0,,1.0,0,10,2.0,0.6,moon,25.0,mars_faults,ood
400010,energy_exhausted,False,1.8158144339910596,10.41206692211277,1,5,449.1948734646091,37.01472517418609,1.1531850429106525,1.1731850429106525,38,39.970562748477136,0,2,0.28072425638242027,55,70062,0.09449985077220457,0,21.470910553583888,mars,adaptive_risk_aware_astar,64,5,800,0.2,0.25,6,1.0,1.0,,1.0,0,10,2.0,0.6,moon,25.0,mars_faults,ood
400011,success,True,0.0,9.044600831464807,0,5,90.76067066980275,3.2102013984401108,325.7828640619708,323.782729796344,4,0.0,1,2,0.880793014685167,32,41588,0.024104738361894418,0,0.0,mars,adaptive_risk_aware_astar,64,5,800,0.2,0.25,6,1.0,1.0,,1.0,0,10,2.0,0.6,moon,25.0,mars_faults,ood
400012,immobilized,False,2.065511083809088,9.399408209832723,1,5,298.0720657170666,69.93111317561866,185.19238079188406,144.53208038175072,65,27.313708498984766,20,7,0.4689265796886091,60,32218,0.05567184477819309,0,0.0,mars,adaptive_risk_aware_astar,64,5,800,0.2,0.25,6,1.0,1.0,,1.0,0,10,2.0,0.6,moon,25.0,mars_faults,ood
400013,energy_exhausted,False,0.0,11.422294659534387,0,5,426.9804795585096,28.081098533234226,14.43395230805795,14.45395230805795,27,23.656854249492383,0,4,0.35472346978052965,43,45209,0.05303223408746316,0,4.242640687119285,mars,adaptive_risk_aware_astar,64,5,800,0.2,0.25,6,1.0,1.0,,1.0,0,10,2.0,0.6,moon,25.0,mars_faults,ood
400014,energy_exhausted,False,2.4472873995289284,10.17582267325629,1,5,375.81509712811226,22.620000327716106,60.1382365329375,60.1582365329375,23,23.313708498984763,0,2,0.3709741829867193,31,39925,0.022235896700565805,0,19.697715603592208,mars,adaptive_risk_aware_astar,64,5,800,0.2,0.25,6,1.0,1.0,,1.0,0,10,2.0,0.6,moon,25.0,mars_faults,ood
400015,energy_exhausted,False,2.6878019553130885,12.083069141602065,1,5,426.1817278373717,24.198925425257798,11.350530921219528,11.370530921219528,28,32.041630560342625,0,1,0.41319765062002073,41,52171,0.02225501653645834,1,7.615773105863909,mars,adaptive_risk_aware_astar,64,5,800,0.2,0.25,6,1.0,1.0,,1.0,0,10,2.0,0.6,moon,25.0,mars_faults,ood
400016,success,True,0.0,12.058914380674398,0,5,335.89993510085077,172.3379489859396,249.77134721841568,104.51552210714505,184,18.48528137423857,83,2,0.2770125468783624,126,62129,0.029538479045278287,0,0.0,mars,adaptive_risk_aware_astar,64,5,800,0.2,0.25,6,1.0,1.0,,1.0,0,10,2.0,0.6,moon,25.0,mars_faults,ood
400017,success,True,0.0,10.377593705823667,0,5,280.30284016093646,118.39694572718402,251.42743889957805,157.0819578290527,120,18.48528137423857,51,1,0.3058661396434631,103,63058,0.0345102755552652,0,0.0,mars,adaptive_risk_aware_astar,64,5,800,0.2,0.25,6,1.0,1.0,,1.0,0,10,2.0,0.6,moon,25.0,mars_faults,ood
400018,success,True,1.494875937372436,9.300711949766486,1,5,348.2357573069035,185.93845594293882,251.03603196936217,150.27412038350656,162,46.041630560342604,61,1,0.22433472375693655,144,72657,0.026454928762968177,1,0.0,mars,adaptive_risk_aware_astar,64,5,800,0.2,0.25,6,1.0,1.0,,1.0,0,10,2.0,0.6,moon,25.0,mars_faults,ood
400019,success,True,6.74384711050638,10.403107865331462,3,5,563.9501285670691,400.7186935851339,250.101898351391,64.67544635066857,386,91.254833995939,153,1,0.24461084269820577,235,61693,0.013073535569684602,0,0.0,mars,adaptive_risk_aware_astar,64,5,800,0.2,0.25,6,1.0,1.0,,1.0,0,10,2.0,0.6,moon,25.0,mars_faults,ood
400020,success,True,0.0,7.490868008358168,0,5,219.0918688374557,57.366687324155286,251.60815182003287,201.62397579783072,54,2.0,25,9,0.7307068020003779,77,43411,0.10512728496878776,0,0.0,mars,adaptive_risk_aware_astar,64,5,800,0.2,0.25,6,1.0,1.0,,1.0,0,10,2.0,0.6,moon,25.0,mars_faults,ood
400021,energy_exhausted,False,1.1838366797759214,8.656699591862557,1,5,472.86857747076914,62.30681627112583,2.7715721336900834,2.7915721336900834,57,62.59797974644663,0,2,0.2978023849392141,83,82128,0.026940396950206225,3,2.23606797749979,mars,adaptive_risk_aware_astar,64,5,800,0.2,0.25,6,1.0,1.0,,1.0,0,10,2.0,0.6,moon,25.0,mars_faults,ood
400022,energy_exhausted,False,2.2966220360547682,10.050554038465963,1,5,412.8849789358179,37.17432969395446,37.622684091470454,37.64268409147046,36,38.38477631085023,0,2,0.3493255194970571,47,34838,0.03211960501064626,0,5.0990195135927845,mars,adaptive_risk_aware_astar,64,5,800,0.2,0.25,6,1.0,1.0,,1.0,0,10,2.0,0.6,moon,25.0,mars_faults,ood
400023,success,True,0.0,9.312488982340422,0,5,334.6820199049478,172.8242367656381,251.47555019401688,115.70190902980893,168,30.384776310850242,70,2,0.2683880114273003,133,57402,0.03732859537287425,0,0.0,mars,adaptive_risk_aware_astar,64,5,800,0.2,0.25,6,1.0,1.0,,1.0,0,10,2.0,0.6,moon,25.0,mars_faults,ood
400024,success,True,2.5541636147658195,8.945433533721532,1,5,300.0861532239905,137.63300429287335,250.88018440221268,148.9900093207185,148,37.35533905932738,60,1,0.2781062728219975,117,64412,0.017293496705077405,0,0.0,mars,adaptive_risk_aware_astar,64,5,800,0.2,0.25,6,1.0,1.0,,1.0,0,10,2.0,0.6,moon,25.0,mars_faults,ood
400025,success,True,1.187697045456624,6.504449313092817,1,5,276.8229299809878,114.9380971020303,251.44850045437266,171.42687476759983,108,35.21320343559643,39,0,0.20823459002697953,86,60578,0.06566822269409878,0,0.0,mars,adaptive_risk_aware_astar,64,5,800,0.2,0.25,6,1.0,1.0,,1.0,0,10,2.0,0.6,moon,25.0,mars_faults,ood
400026,success,True,2.908728450954972,12.919125223882055,1,5,397.5056587528846,233.79045767045653,249.6181322508925,75.2443805024558,364,38.38477631085024,165,1,0.26801747071096627,210,36225,0.03345186670449063,0,0.0,mars,adaptive_risk_aware_astar,64,5,800,0.2,0.25,6,1.0,1.0,,1.0,0,10,2.0,0.6,moon,25.0,mars_faults,ood
400027,energy_exhausted,False,0.0,10.052784418734847,0,5,357.2428267880647,25.955606287463247,82.04611283273216,82.06611283273216,27,26.55634918610405,0,3,0.34359209065863583,62,71837,0.026657335148276506,1,13.152946437965905,mars,adaptive_risk_aware_astar,64,5,800,0.2,0.25,6,1.0,1.0,,1.0,0,10,2.0,0.6,moon,25.0,mars_faults,ood
400028,success,True,2.85670826955898,11.175818835571611,1,5,483.085839321603,319.6527541651867,249.90024817690934,82.65088264545876,300,53.21320343559641,125,2,0.24377233761366227,200,71344,0.044894684517117756,1,0.0,mars,adaptive_risk_aware_astar,64,5,800,0.2,0.25,6,1.0,1.0,,1.0,0,10,2.0,0.6,moon,25.0,mars_faults,ood
400029,energy_exhausted,False,1.9269961299693577,7.772974148827593,1,5,402.47910606238986,29.429541853304993,40.28376912424874,40.303769124248745,31,36.45584412271571,0,1,0.3138750280655426,46,37639,0.06180170921222938,0,24.351591323771842,mars,adaptive_risk_aware_astar,64,5,800,0.2,0.25,6,1.0,1.0,,1.0,0,10,2.0,0.6,moon,25.0,mars_faults,ood
400030,immobilized,False,0.0,9.716785046362691,0,5,262.04084803303897,65.77760400284552,217.07008930313722,165.15454192054142,65,11.656854249492381,27,13,0.6294558348039767,49,22858,0.033294676718895855,0,0.0,mars,adaptive_risk_aware_astar,64,5,800,0.2,0.25,6,1.0,1.0,,1.0,0,10,2.0,0.6,moon,25.0,mars_faults,ood
400031,immobilized,False,2.6760108965509426,12.854598146362186,1,5,367.64736433174403,31.88911429490734,77.57508329649704,77.57508329649704,30,31.798989873223338,0,4,0.30008385063047716,42,33379,0.03459528648279597,0,2.0,mars,adaptive_risk_aware_astar,64,5,800,0.2,0.25,6,1.0,1.0,,1.0,0,10,2.0,0.6,moon,25.0,mars_faults,ood
400032,success,True,0.0,10.281575833388214,0,5,175.03235967939125,12.755585363930876,251.0565590178731,249.22605236214883,14,10.82842712474619,1,1,0.2669013951332885,44,41195,0.01798062673719747,0,0.0,mars,adaptive_risk_aware_astar,64,5,800,0.2,0.25,6,1.0,1.0,,1.0,0,10,2.0,0.6,moon,25.0,mars_faults,ood
400033,success,True,1.236935143682114,8.442189452281752,1,5,440.16106652564076,277.16316880697264,250.33543561465524,125.37157447190148,290,49.94112549695426,124,2,0.2734804997062191,203,61881,0.00265673339347694,0,0.0,mars,adaptive_risk_aware_astar,64,5,800,0.2,0.25,6,1.0,1.0,,1.0,0,10,2.0,0.6,moon,25.0,mars_faults,ood
400034,success,True,0.0,12.717881015155145,0,5,205.83499602110174,42.43831400754121,249.93665131977258,227.23744497599304,42,17.071067811865476,12,2,0.30798029219156836,74,69294,0.036227615468443664,0,0.0,mars,adaptive_risk_aware_astar,64,5,800,0.2,0.25,6,1.0,1.0,,1.0,0,10,2.0,0.6,moon,25.0,mars_faults,ood
400035,immobilized,False,0.0,8.869218248335546,0,5,429.42385221859166,29.15691689850333,13.066398013245314,13.066398013245314,29,30.384776310850242,0,4,0.2719978630159036,34,35993,0.039266470884287696,0,1.4142135623730951,mars,adaptive_risk_aware_astar,64,5,800,0.2,0.25,6,1.0,1.0,,1.0,0,10,2.0,0.6,moon,25.0,mars_faults,ood
400036,energy_exhausted,False,2.708139130964118,12.205281884196726,1,5,641.3408873060251,233.581374915792,5.573820943093112,5.593820943093111,238,56.94112549695426,94,2,0.2614544453653452,162,42821,0.023288649082040647,0,2.23606797749979,mars,adaptive_risk_aware_astar,64,5,800,0.2,0.25,6,1.0,1.0,,1.0,0,10,2.0,0.6,moon,25.0,mars_faults,ood
400037,energy_exhausted,False,0.0,10.849583089372857,0,5,404.0855327568337,19.487056207755376,28.73485678425525,28.75485678425525,23,23.313708498984763,0,2,0.3899357334945316,42,48413,0.18063851152884014,0,11.661903789690601,mars,adaptive_risk_aware_astar,64,5,800,0.2,0.25,6,1.0,1.0,,1.0,0,10,2.0,0.6,moon,25.0,mars_faults,ood
400038,energy_exhausted,False,2.3560180656126475,12.89455164165896,1,5,955.1797757178877,547.6236690337319,5.7772266491611335,3.109230328308362,573,70.21320343559641,254,2,0.19915842730702832,353,112067,0.03187743078046501,0,9.219544457292887,mars,adaptive_risk_aware_astar,64,5,800,0.2,0.25,6,1.0,1.0,,1.0,0,10,2.0,0.6,moon,25.0,mars_faults,ood
400039,success,True,1.7648669781534534,8.546839348498514,1,5,389.0545109571046,225.95804269056848,250.2368650667904,72.83745476259722,236,39.31370849898475,99,1,0.24764312410558245,156,72163,0.18394178196103284,0,0.0,mars,adaptive_risk_aware_astar,64,5,800,0.2,0.25,6,1.0,1.0,,1.0,0,10,2.0,0.6,moon,25.0,mars_faults,ood
400040,energy_exhausted,False,2.643272406132337,8.82589080977645,1,5,476.83709004071477,183.79763270649835,120.29387599911041,92.99376342372884,178,18.55634918610405,81,2,0.2880591606274585,140,49951,0.0034450075067924413,0,3.605551275463989,mars,adaptive_risk_aware_astar,64,5,800,0.2,0.25,6,1.0,1.0,,1.0,0,10,2.0,0.6,moon,25.0,mars_faults,ood
400041,success,True,0.0,11.03122399243434,0,5,161.9518848863165,18.295322198848016,269.67677064586536,268.85011522102513,20,20.48528137423857,1,0,0.33028995682717355,43,44073,0.0334186235671049,0,0.0,mars,adaptive_risk_aware_astar,64,5,800,0.2,0.25,6,1.0,1.0,,1.0,0,10,2.0,0.6,moon,25.0,mars_faults,ood
400042,immobilized,False,2.6825081225760576,11.069701112431636,1,5,354.3003497559172,103.07352077055106,162.1065043479661,109.29200989123197,91,44.142135623730944,25,9,0.4568274465353191,67,47281,0.021109792500856317,0,0.0,mars,adaptive_risk_aware_astar,64,5,800,0.2,0.25,6,1.0,1.0,,1.0,0,10,2.0,0.6,moon,25.0,mars_faults,ood
400043,success,True,3.7546299169052224,10.627744261056389,2,5,536.4621602627075,373.200573402423,250.07174647304691,63.12358491917516,350,92.32590180780446,136,1,0.23794345416375934,222,81194,0.01983432581741207,0,0.0,mars,adaptive_risk_aware_astar,64,5,800,0.2,0.25,6,1.0,1.0,,1.0,0,10,2.0,0.6,moon,25.0,mars_faults,ood
400044,success,True,0.0,8.878812952777938,0,5,217.34593937081505,54.354684825168384,250.34207878768723,225.35625513346514,58,36.04163056034262,14,1,0.24211222622637532,68,56650,0.0240684554607955,0,0.0,mars,adaptive_risk_aware_astar,64,5,800,0.2,0.25,6,1.0,1.0,,1.0,0,10,2.0,0.6,moon,25.0,mars_faults,ood
400045,success,True,2.571866994183246,12.070486997534495,1,5,430.87573499701085,267.72124437731134,250.17884271362578,54.54213604725585,300,70.52691193458115,119,1,0.2696395450875535,198,58777,0.15434480518923732,0,0.0,mars,adaptive_risk_aware_astar,64,5,800,0.2,0.25,6,1.0,1.0,,1.0,0,10,2.0,0.6,moon,25.0,mars_faults,ood
400046,immobilized,False,1.0759328114998117,9.241608205169689,1,5,344.19559942269643,132.80762550551773,201.94535941615277,111.69166543404283,121,38.04163056034261,45,16,0.5646322876995584,95,56511,0.009466756105320773,0,0.0,mars,adaptive_risk_aware_astar,64,5,800,0.2,0.25,6,1.0,1.0,,1.0,0,10,2.0,0.6,moon,25.0,mars_faults,ood
400047,success,True,0.0,9.665149970503345,0,5,1019.3629088745328,856.4057039928593,250.37612845164372,19.509864917885146,728,99.254833995939,319,5,0.22606362023110785,502,204438,0.06558256948983143,0,0.0,mars,adaptive_risk_aware_astar,64,5,800,0.2,0.25,6,1.0,1.0,,1.0,0,10,2.0,0.6,moon,25.0,mars_faults,ood
400048,success,True,0.0,8.369900996280546,0,5,334.75810017307396,171.81648643267528,250.39171959292787,110.59466002025458,168,24.72792206135786,72,2,0.2942131022196339,135,75553,0.06298227676613921,0,0.0,mars,adaptive_risk_aware_astar,64,5,800,0.2,0.25,6,1.0,1.0,,1.0,0,10,2.0,0.6,moon,25.0,mars_faults,ood
400049,immobilized,False,2.4809861891598297,10.408582726408738,1,5,327.88870276636874,95.33867392517749,180.78330449214062,122.43317616818196,103,38.14213562373095,34,11,0.4967323920517977,73,47040,0.060697336883578146,0,0.0,mars,adaptive_risk_aware_astar,64,5,800,0.2,0.25,6,1.0,1.0,,1.0,0,10,2.0,0.6,moon,25.0,mars_faults,ood
400050,energy_exhausted,False,0.0,9.016487812813203,0,5,450.1736869801666,38.65585880111163,1.8155051542783567,1.8355051542783567,36,38.62741699796952,0,2,0.35644613507811473,44,39034,0.029226187241498836,1,2.0,mars,adaptive_risk_aware_astar,64,5,800,0.2,0.25,6,1.0,1.0,,1.0,0,10,2.0,0.6,moon,25.0,mars_faults,ood
400051,timeout,False,1.9844359736195682,9.000460904000539,1,5,836.7350036256734,581.7651563030068,158.36348601066254,90.07842638715721,800,69.69848480983497,370,4,0.3039279458905224,468,123568,0.05176917679630744,0,0.0,mars,adaptive_risk_aware_astar,64,5,800,0.2,0.25,6,1.0,1.0,,1.0,0,10,2.0,0.6,moon,25.0,mars_faults,ood
400052,success,True,3.4686593707649154,10.4968674484105,2,5,599.516807143173,437.1351862879575,250.95171247811479,79.72300820329235,426,84.28427124746187,175,1,0.16606312323038686,264,80453,0.021796668203196812,0,0.0,mars,adaptive_risk_aware_astar,64,5,800,0.2,0.25,6,1.0,1.0,,1.0,0,10,2.0,0.6,moon,25.0,mars_faults,ood
400053,immobilized,False,2.8428104718997353,8.94485504185127,1,5,361.08981745648975,169.38691107163118,221.63042694846988,83.3602062341219,163,24.48528137423857,70,23,0.6436761246595487,110,60592,0.013459554537397778,0,0.0,mars,adaptive_risk_aware_astar,64,5,800,0.2,0.25,6,1.0,1.0,,1.0,0,10,2.0,0.6,moon,25.0,mars_faults,ood
400004,energy_exhausted,False,0.0,10.342360460905567,0,5,368.35160222368717,16.438972050450875,61.42070316009705,61.44070316009705,16,11.414213562373096,0,3,0.5987297095179066,34,3125,0.026150784302528596,1,1.4142135623730951,mars,astar,64,5,800,0.2,0.25,6,1.0,1.0,,1.0,0,10,2.0,0.6,moon,25.0,mars_faults,ood
400005,success,True,0.0,9.623904321875369,0,5,273.17917286721496,110.95115976351723,251.10532022963164,171.63036120323585,110,24.48528137423857,43,2,0.2536376036949075,97,8167,0.03616564488777052,0,0.0,mars,astar,64,5,800,0.2,0.25,6,1.0,1.0,,1.0,0,10,2.0,0.6,moon,25.0,mars_faults,ood
400006,success,True,2.660266403645624,9.130953200747532,1,5,368.5555342557694,206.64466231215383,251.42246138971134,79.98053105981805,210,22.48528137423857,94,2,0.3028683757100077,152,5985,0.0039531585761913846,0,0.0,mars,astar,64,5,800,0.2,0.25,6,1.0,1.0,,1.0,0,10,2.0,0.6,moon,25.0,mars_faults,ood
400007,energy_exhausted,False,0.0,10.037456096628219,0,5,381.61383697728513,32.933093960475986,64.65259031652428,64.67259031652428,32,38.2842712474619,0,1,0.3544857561678921,33,2769,0.024316664814087008,0,1.4142135623730951,mars,astar,64,5,800,0.2,0.25,6,1.0,1.0,,1.0,0,10,2.0,0.6,moon,25.0,mars_faults,ood
400008,energy_exhausted,False,0.0,8.885444925719812,0,5,418.00563013468434,18.324065935470323,13.651769134119524,13.671769134119524,20,19.071067811865476,0,2,0.4651247073607485,41,4442,0.02320688024300166,0,17.72004514666935,mars,astar,64,5,800,0.2,0.25,6,1.0,1.0,,1.0,0,10,2.0,0.6,moon,25.0,mars_faults,ood
400009,success,True,0.0,10.375277040139736,0,5,194.28790922982836,32.016025104126854,251.0614492076321,226.8201189706459,36,8.485281374238571,14,1,0.25996890210153684,56,3361,0.03636595430753975,0,0.0,mars,astar,64,5,800,0.2,0.25,6,1.0,1.0,,1.0,0,10,2.0,0.6,moon,25.0,mars_faults,ood
400010,success,True,1.8158144339910596,10.41206692211277,1,5,332.97411726975696,170.57002675716095,250.92924282073278,138.6878499181891,146,60.52691193458115,47,0,0.1844502795991186,123,9915,0.031767381442769804,1,0.0,mars,astar,64,5,800,0.2,0.25,6,1.0,1.0,,1.0,0,10,2.0,0.6,moon,25.0,mars_faults,ood
400011,energy_exhausted,False,0.0,9.044600831464807,0,5,395.33983391461027,17.022937623170183,35.016437041893184,35.03643704189319,17,15.485281374238571,0,2,0.5784405181251658,32,3491,0.02517174452448634,1,1.0,mars,astar,64,5,800,0.2,0.25,6,1.0,1.0,,1.0,0,10,2.0,0.6,moon,25.0,mars_faults,ood
400012,energy_exhausted,False,2.065511083809088,9.399408209832723,1,5,430.4999742595692,27.987403224953102,10.820762298717309,10.840762298717308,27,24.242640687119287,0,3,0.37136845715318284,42,3090,0.005224734479402415,0,1.4142135623730951,mars,astar,64,5,800,0.2,0.25,6,1.0,1.0,,1.0,0,10,2.0,0.6,moon,25.0,mars_faults,ood
400013,success,True,0.0,11.422294659534387,0,5,391.9312861167636,229.69180528449976,251.0938525010631,89.36338476744895,202,27.313708498984763,88,2,0.22158197750322198,162,7721,0.036613205764872925,0,0.0,mars,astar,64,5,800,0.2,0.25,6,1.0,1.0,,1.0,0,10,2.0,0.6,moon,25.0,mars_faults,ood
400014,energy_exhausted,False,2.4472873995289284,10.17582267325629,1,5,419.8710710818507,22.472014319510258,15.934276570993037,15.954276570993036,23,23.313708498984763,0,2,0.40017071194575154,31,4010,0.025309687330215658,0,19.697715603592208,mars,astar,64,5,800,0.2,0.25,6,1.0,1.0,,1.0,0,10,2.0,0.6,moon,25.0,mars_faults,ood
400015,energy_exhausted,False,0.0,12.083069141602065,0,5,416.45476998943127,9.892172758857058,6.770736102759115,6.790736102759115,13,11.899494936611667,0,2,0.520594718262079,42,5937,0.025794527959404068,1,10.0,mars,astar,64,5,800,0.2,0.25,6,1.0,1.0,,1.0,0,10,2.0,0.6,moon,25.0,mars_faults,ood
400016,energy_exhausted,False,2.521448681106518,12.058914380674398,1,5,361.18155496872976,24.127873578653674,76.2796519432574,76.2996519432574,27,26.242640687119287,0,1,0.37608922688215785,31,4237,0.023255974613134667,0,7.0710678118654755,mars,astar,64,5,800,0.2,0.25,6,1.0,1.0,,1.0,0,10,2.0,0.6,moon,25.0,mars_faults,ood
400017,success,True,0.0,10.377593705823667,0,5,446.64003200942193,281.4657729002232,248.15907422412667,32.65871060223979,286,14.485281374238571,136,3,0.29283694173505165,209,10273,0.19557400047201456,0,0.0,mars,astar,64,5,800,0.2,0.25,6,1.0,1.0,,1.0,0,10,2.0,0.6,moon,25.0,mars_faults,ood
400018,energy_exhausted,False,1.494875937372436,9.300711949766486,1,5,1014.5527404959199,617.9666623412007,16.747255178600447,16.767255178600447,536,103.81118318204304,222,7,0.22611170851375148,400,16080,0.02847691775398331,1,6.082762530298219,mars,astar,64,5,800,0.2,0.25,6,1.0,1.0,,1.0,0,10,2.0,0.6,moon,25.0,mars_faults,ood
400019,success,True,2.4782920855920345,10.403107865331462,1,5,296.9374068633391,134.80233768762008,251.19826415761133,157.51900419935183,130,33.65685424949238,48,1,0.2475945506191046,106,5089,0.004751918852213044,0,0.0,mars,astar,64,5,800,0.2,0.25,6,1.0,1.0,,1.0,0,10,2.0,0.6,moon,25.0,mars_faults,ood
400020,immobilized,False,1.6689129305107204,7.490868008358168,1,5,292.91682267000795,80.71991414571082,201.1364248090337,140.91915163944336,75,20.384776310850242,30,12,0.5881974408418826,59,2482,0.015970888566868124,0,0.0,mars,astar,64,5,800,0.2,0.25,6,1.0,1.0,,1.0,0,10,2.0,0.6,moon,25.0,mars_faults,ood
400021,energy_exhausted,False,0.0,8.656699591862557,0,5,332.94898529948375,24.478131916754297,104.86247995060413,104.88247995060412,24,26.213203435596434,0,1,0.3906504921114357,52,4474,0.023805118023512373,2,14.317821063276353,mars,astar,64,5,800,0.2,0.25,6,1.0,1.0,,1.0,0,10,2.0,0.6,moon,25.0,mars_faults,ood
400022,energy_exhausted,False,0.0,10.050554038465963,0,5,363.02467592580535,20.483551747247503,70.79220915477555,70.81220915477554,21,19.65685424949238,0,2,0.40724633158534057,33,3125,0.014389853722078683,0,4.47213595499958,mars,astar,64,5,800,0.2,0.25,6,1.0,1.0,,1.0,0,10,2.0,0.6,moon,25.0,mars_faults,ood
400023,energy_exhausted,False,0.0,9.312488982340422,0,5,405.3013224721919,18.45093685887072,26.48294772001234,26.50294772001234,19,20.384776310850242,0,3,0.4493862807439383,24,2168,0.0410550033466166,0,4.242640687119285,mars,astar,64,5,800,0.2,0.25,6,1.0,1.0,,1.0,0,10,2.0,0.6,moon,25.0,mars_faults,ood
400024,success,True,0.0,8.945433533721532,0,5,283.27047348600655,120.5941004438988,250.65696029122205,146.1566127286818,132,9.656854249492381,61,1,0.31698636970755745,103,4852,0.02524220964523205,0,0.0,mars,astar,64,5,800,0.2,0.25,6,1.0,1.0,,1.0,0,10,2.0,0.6,moon,25.0,mars_faults,ood
400025,success,True,0.0,6.504449313092817,0,5,515.4676503159145,350.42119555436295,248.28687857177474,49.228989043133026,324,26.485281374238575,149,3,0.19432457264635847,242,8056,0.04140881615471481,0,0.0,mars,astar,64,5,800,0.2,0.25,6,1.0,1.0,,1.0,0,10,2.0,0.6,moon,25.0,mars_faults,ood
400026,success,True,2.908728450954972,12.919125223882055,1,5,400.3193685599383,236.0700200663508,249.08398483973326,73.85402078161363,368,39.798989873223334,166,1,0.26993486013075296,212,4034,0.03599596448119469,0,0.0,mars,astar,64,5,800,0.2,0.25,6,1.0,1.0,,1.0,0,10,2.0,0.6,moon,25.0,mars_faults,ood
400027,success,True,0.0,10.052784418734847,0,5,234.58772190986838,72.82317113655334,251.56878256001798,205.38227381075572,74,23.89949493661167,25,2,0.2271931977965171,98,9198,0.02739628881623246,1,0.0,mars,astar,64,5,800,0.2,0.25,6,1.0,1.0,,1.0,0,10,2.0,0.6,moon,25.0,mars_faults,ood
400028,energy_exhausted,False,0.0,11.175818835571611,0,5,411.2958981866092,18.086584829455933,20.124019976180254,20.144019976180253,20,16.414213562373096,0,3,0.44552887029321664,33,3817,0.02030276161219635,0,6.082762530298219,mars,astar,64,5,800,0.2,0.25,6,1.0,1.0,,1.0,0,10,2.0,0.6,moon,25.0,mars_faults,ood
400029,success,True,1.9269961299693577,7.772974148827593,1,5,273.398595838127,110.04530067605852,249.98003817126215,175.03424772095042,122,37.45584412271572,46,0,0.2681309549068184,94,3864,0.021419837439708767,0,0.0,mars,astar,64,5,800,0.2,0.25,6,1.0,1.0,,1.0,0,10,2.0,0.6,moon,25.0,mars_faults,ood
400030,immobilized,False,0.0,9.716785046362691,0,5,269.76143620128295,65.73985557320353,209.31175270525122,157.39620532265542,65,11.656854249492381,27,13,0.6314389231297692,49,2354,0.033789022773984434,0,0.0,mars,astar,64,5,800,0.2,0.25,6,1.0,1.0,,1.0,0,10,2.0,0.6,moon,25.0,mars_faults,ood
400031,energy_exhausted,False,2.674855726775574,12.854598146362186,1,5,363.32321894859615,29.348752672570978,79.35886705730822,79.37886705730821,29,28.485281374238575,0,2,0.4013101745567448,49,3569,0.029316385345882212,0,8.246211251235321,mars,astar,64,5,800,0.2,0.25,6,1.0,1.0,,1.0,0,10,2.0,0.6,moon,25.0,mars_faults,ood
400032,success,True,0.0,10.281575833388214,0,5,275.20977374947597,112.99822465863359,251.12178424248557,155.88069147268547,116,11.656854249492381,52,2,0.23812821535327217,105,4808,0.01325076436036765,0,0.0,mars,astar,64,5,800,0.2,0.25,6,1.0,1.0,,1.0,0,10,2.0,0.6,moon,25.0,mars_faults,ood
400033,success,True,1.236935143682114,8.442189452281752,1,5,231.06125556556287,68.54079643746584,250.81287420523674,204.36465574076163,72,23.798989873223338,26,1,0.28350754695638497,72,4439,0.002892325522528938,0,0.0,mars,astar,64,5,800,0.2,0.25,6,1.0,1.0,,1.0,0,10,2.0,0.6,moon,25.0,mars_faults,ood
400034,success,True,0.0,12.717881015155145,0,5,206.97195053227108,44.63887027951439,251.00025308057664,226.40777954148214,44,14.0,13,3,0.31941056821232244,85,8327,0.03487369879079549,0,0.0,mars,astar,64,5,800,0.2,0.25,6,1.0,1.0,,1.0,0,10,2.0,0.6,moon,25.0,mars_faults,ood
400035,energy_exhausted,False,0.0,8.869218248335546,0,5,404.6532943866332,28.585451076649097,37.26549002334947,37.285490023349475,30,27.07106781186548,0,4,0.37317521822957384,44,4588,0.023083771034712597,0,2.0,mars,astar,64,5,800,0.2,0.25,6,1.0,1.0,,1.0,0,10,2.0,0.6,moon,25.0,mars_faults,ood
400036,energy_exhausted,False,2.464250800806634,12.205281884196726,1,5,514.0135708139329,157.80144615067337,57.121208670067965,57.14120867006797,161,34.627416997969526,65,3,0.27833218068468474,133,4515,0.035201180636914464,0,8.94427190999916,mars,astar,64,5,800,0.2,0.25,6,1.0,1.0,,1.0,0,10,2.0,0.6,moon,25.0,mars_faults,ood
400037,immobilized,False,0.0,10.849583089372857,0,5,273.4657351841189,7.718844881301444,147.58644303051608,147.58644303051608,9,7.242640687119285,0,3,0.4828445527631556,30,3397,0.020101457316609284,0,6.708203932499369,mars,astar,64,5,800,0.2,0.25,6,1.0,1.0,,1.0,0,10,2.0,0.6,moon,25.0,mars_faults,ood
400038,energy_exhausted,False,0.0,12.89455164165896,0,5,420.85914586045413,10.603281437710159,3.0774689105893254,3.0974689105893254,13,8.0,0,4,0.623526470218809,33,3087,0.13269011198226988,0,2.0,mars,astar,64,5,800,0.2,0.25,6,1.0,1.0,,1.0,0,10,2.0,0.6,moon,25.0,mars_faults,ood
400039,success,True,0.0,8.546839348498514,0,5,183.9579694053718,21.934454113387883,251.30981804134962,233.40866548537056,24,2.8284271247461903,10,1,0.3321189848180402,52,5889,0.03082994040264464,0,0.0,mars,astar,64,5,800,0.2,0.25,6,1.0,1.0,,1.0,0,10,2.0,0.6,moon,25.0,mars_faults,ood
400040,energy_exhausted,False,0.0,8.82589080977645,0,5,552.5382129041947,179.23715072437503,40.03227115350722,40.05227115350722,174,6.414213562373095,82,4,0.31195853356514774,154,7019,0.12623259802483844,0,3.0,mars,astar,64,5,800,0.2,0.25,6,1.0,1.0,,1.0,0,10,2.0,0.6,moon,25.0,mars_faults,ood
400041,immobilized,False,0.0,11.03122399243434,0,5,351.9334416257222,114.90412297135245,176.30401467896118,86.79181677010212,121,20.48528137423857,51,12,0.5891471742008244,83,2909,0.1589402609551681,0,0.0,mars,astar,64,5,800,0.2,0.25,6,1.0,1.0,,1.0,0,10,2.0,0.6,moon,25.0,mars_faults,ood
400042,immobilized,False,2.6825081225760576,11.069701112431636,1,5,356.58963350103875,103.07500335734916,159.81870318964224,107.00420873290807,91,41.65685424949238,25,9,0.4629260106017285,76,6408,0.010866626978335514,0,0.0,mars,astar,64,5,800,0.2,0.25,6,1.0,1.0,,1.0,0,10,2.0,0.6,moon,25.0,mars_faults,ood
400043,success,True,0.0,10.627744261056389,0,5,354.7638399699037,192.89768193425698,251.46717529768148,84.62311713669926,182,16.72792206135786,83,2,0.24502411674712626,145,5334,0.12128424044052577,0,0.0,mars,astar,64,5,800,0.2,0.25,6,1.0,1.0,,1.0,0,10,2.0,0.6,moon,25.0,mars_faults,ood
400044,success,True,0.0,8.878812952777938,0,5,298.924801346521,136.22354442497087,250.63207641177806,140.3049277135399,140,23.798989873223338,60,2,0.2296635954303363,123,6664,0.013221195478690717,0,0.0,mars,astar,64,5,800,0.2,0.25,6,1.0,1.0,,1.0,0,10,2.0,0.6,moon,25.0,mars_faults,ood
400045,energy_exhausted,False,0.0,12.070486997534495,0,5,436.3080600945537,25.749162114156764,2.774435352936682,2.794435352936682,29,25.656854249492383,0,4,0.33670939323992716,52,4156,0.005665746599612831,0,10.198039027185569,mars,astar,64,5,800,0.2,0.25,6,1.0,1.0,,1.0,0,10,2.0,0.6,moon,25.0,mars_faults,ood
400046,immobilized,False,1.0759328114998117,9.241608205169689,1,5,336.1051706565473,66.29085974074343,143.5190224175286,100.90851514507206,61,21.313708498984763,21,8,0.5971228831602099,60,3883,0.004171515769023193,0,0.0,mars,astar,64,5,800,0.2,0.25,6,1.0,1.0,,1.0,0,10,2.0,0.6,moon,25.0,mars_faults,ood
400047,immobilized,False,0.0,9.665149970503345,0,5,300.00354956420244,9.779646780839881,123.1094305499709,123.1094305499709,8,5.82842712474619,0,3,0.5550872601210045,22,3337,0.027391048791357786,0,5.385164807134504,mars,astar,64,5,800,0.2,0.25,6,1.0,1.0,,1.0,0,10,2.0,0.6,moon,25.0,mars_faults,ood
400048,success,True,0.0,8.369900996280546,0,5,442.9441218826865,280.3595094227741,250.74872087341257,15.79838464711198,276,40.76955262170046,121,3,0.29739826829251603,177,5168,0.024506033286204598,0,0.0,mars,astar,64,5,800,0.2,0.25,6,1.0,1.0,,1.0,0,10,2.0,0.6,moon,25.0,mars_faults,ood
400049,immobilized,False,0.0,10.408582726408738,0,5,313.06756207362577,50.505587938121096,150.7713591978276,119.06202466861474,55,22.62741699796953,19,10,0.5616867270974301,50,3246,0.022761657328465912,0,0.0,mars,astar,64,5,800,0.2,0.25,6,1.0,1.0,,1.0,0,10,2.0,0.6,moon,25.0,mars_faults,ood
400050,immobilized,False,0.0,9.016487812813203,0,5,305.5544833209701,121.55730358416385,229.33615359652404,130.3762133784937,115,18.142135623730955,50,17,0.665325327081997,81,3144,0.11047098389781995,1,0.0,mars,astar,64,5,800,0.2,0.25,6,1.0,1.0,,1.0,0,10,2.0,0.6,moon,25.0,mars_faults,ood
400051,timeout,False,1.9844359736195682,9.000460904000539,1,5,824.5309745772208,582.5797284842996,171.38208724040726,16.318410051421203,800,68.97056274847712,368,4,0.30847297087027564,463,13207,0.11536796702262464,0,0.0,mars,astar,64,5,800,0.2,0.25,6,1.0,1.0,,1.0,0,10,2.0,0.6,moon,25.0,mars_faults,ood
400052,success,True,0.0,10.4968674484105,0,5,582.2423115754632,420.3594639276478,251.4504856855143,62.17196396773184,410,48.627416997969505,183,2,0.18280049570604573,257,8438,0.0265466304693861,0,0.0,mars,astar,64,5,800,0.2,0.25,6,1.0,1.0,,1.0,0,10,2.0,0.6,moon,25.0,mars_faults,ood
400053,energy_exhausted,False,2.8428104718997353,8.94485504185127,1,5,396.87116744100655,21.866388309808308,38.32855420213527,38.348554202135276,23,20.82842712474619,0,2,0.4280302094139239,41,6357,0.007501080943420946,0,2.8284271247461903,mars,astar,64,5,800,0.2,0.25,6,1.0,1.0,,1.0,0,10,2.0,0.6,moon,25.0,mars_faults,ood
400004,energy_exhausted,False,0.0,10.342360460905567,0,5,384.81258879272633,16.513400536261376,45.03414507686832,45.05414507686832,16,11.82842712474619,0,3,0.5676503475921721,34,26956,0.06957112128194765,1,1.0,mars,risk_aware_astar,64,5,800,0.2,0.25,6,1.0,1.0,,1.0,0,10,2.0,0.6,moon,25.0,mars_faults,ood
400005,energy_exhausted,False,1.7572859911266732,9.623904321875369,1,5,407.85396780352147,38.158465570783456,43.63783110059564,43.657831100595644,37,38.970562748477136,0,2,0.2656151989825972,41,51148,0.018115546924640458,0,10.770329614269007,mars,risk_aware_astar,64,5,800,0.2,0.25,6,1.0,1.0,,1.0,0,10,2.0,0.6,moon,25.0,mars_faults,ood
400006,success,True,2.660266403645624,9.130953200747532,1,5,307.214268879876,143.94878082112425,250.06784527457748,136.36464013603887,146,22.48528137423857,62,1,0.31243972364256684,119,61939,0.0046541872061725,0,0.0,mars,risk_aware_astar,64,5,800,0.2,0.25,6,1.0,1.0,,1.0,0,10,2.0,0.6,moon,25.0,mars_faults,ood
400007,energy_exhausted,False,0.0,10.037456096628219,0,5,368.71131874933997,32.196144116032215,76.8181587000258,76.8381587000258,31,33.213203435596434,0,2,0.2858242374134435,44,39817,0.02370746701118942,1,1.4142135623730951,mars,risk_aware_astar,64,5,800,0.2,0.25,6,1.0,1.0,,1.0,0,10,2.0,0.6,moon,25.0,mars_faults,ood
400008,energy_exhausted,False,0.0,8.885444925719812,0,5,966.9395553669555,554.768427248663,1.1622052150262587,1.1822052150262587,565,86.11269837220804,242,5,0.1864623407394943,360,91687,0.08961902322211146,0,4.123105625617661,mars,risk_aware_astar,64,5,800,0.2,0.25,6,1.0,1.0,,1.0,0,10,2.0,0.6,moon,25.0,mars_faults,ood
400009,energy_exhausted,False,2.9643442354033516,10.375277040139736,1,5,428.64866522366583,25.34091374339532,10.025581853063091,10.04558185306309,28,32.041630560342625,0,2,0.3784478196327157,32,25906,0.025574795341605894,0,10.0,mars,risk_aware_astar,64,5,800,0.2,0.25,6,1.0,1.0,,1.0,0,10,2.0,0.6,moon,25.0,mars_faults,ood
400010,energy_exhausted,False,4.648062636397613,10.41206692211277,2,5,471.04877410500944,61.01960076255853,3.3041599908825234,3.3241599908825235,61,67.28427124746186,0,1,0.2394252672029871,57,71876,0.024359476324567697,0,2.23606797749979,mars,risk_aware_astar,64,5,800,0.2,0.25,6,1.0,1.0,,1.0,0,10,2.0,0.6,moon,25.0,mars_faults,ood
400011,immobilized,False,0.0,9.044600831464807,0,5,404.05890422364484,51.81766083839748,61.092089948084585,31.803810736476755,69,16.48528137423857,26,12,0.61777068905113,59,33487,0.02413824325152003,1,0.0,mars,risk_aware_astar,64,5,800,0.2,0.25,6,1.0,1.0,,1.0,0,10,2.0,0.6,moon,25.0,mars_faults,ood
400012,immobilized,False,4.472829938007017,9.399408209832723,2,5,438.7627178388325,68.4246720358014,42.9952875303014,18.599107284221173,65,46.0416305603426,12,7,0.3854407019492355,68,46474,0.0365127801346955,0,0.0,mars,risk_aware_astar,64,5,800,0.2,0.25,6,1.0,1.0,,1.0,0,10,2.0,0.6,moon,25.0,mars_faults,ood
400013,energy_exhausted,False,0.0,11.422294659534387,0,5,363.9553647431511,22.080174928835326,71.45814351901743,71.47814351901742,21,18.071067811865476,0,4,0.36818246536843147,43,44967,0.028790715132246403,0,4.123105625617661,mars,risk_aware_astar,64,5,800,0.2,0.25,6,1.0,1.0,,1.0,0,10,2.0,0.6,moon,25.0,mars_faults,ood
400014,energy_exhausted,False,2.4472873995289284,10.17582267325629,1,5,435.15376150640543,24.580314728408847,2.75988655533722,2.77988655533722,25,25.72792206135786,0,2,0.3535477116413373,31,41025,0.022235897246463576,0,17.46424919657298,mars,risk_aware_astar,64,5,800,0.2,0.25,6,1.0,1.0,,1.0,0,10,2.0,0.6,moon,25.0,mars_faults,ood
400015,energy_exhausted,False,2.6878019553130885,12.083069141602065,1,5,422.17725480580896,23.281308267071854,14.437386794596366,14.457386794596365,27,29.213203435596434,0,2,0.4011622338511868,42,53991,0.022255039311639302,1,8.0,mars,risk_aware_astar,64,5,800,0.2,0.25,6,1.0,1.0,,1.0,0,10,2.0,0.6,moon,25.0,mars_faults,ood
400016,success,True,0.0,12.058914380674398,0,5,335.89993510085077,172.3379489859396,249.77134721841568,104.51552210714505,184,18.48528137423857,83,2,0.2770125468783624,126,60610,0.029538479045278287,0,0.0,mars,risk_aware_astar,64,5,800,0.2,0.25,6,1.0,1.0,,1.0,0,10,2.0,0.6,moon,25.0,mars_faults,ood
400017,success,True,0.0,10.377593705823667,0,5,384.487329187122,220.12265692866544,248.96866107487153,166.47594404520981,224,9.656854249492381,107,3,0.2948981469281911,199,112233,0.1707575525419247,0,0.0,mars,risk_aware_astar,64,5,800,0.2,0.25,6,1.0,1.0,,1.0,0,10,2.0,0.6,moon,25.0,mars_faults,ood
400018,success,True,1.494875937372436,9.300711949766486,1,5,355.0255584662347,194.08512401819647,252.3928988852882,113.04348601265076,168,30.142135623730958,70,2,0.22672127325629826,152,68003,0.022669592486418977,0,0.0,mars,risk_aware_astar,64,5,800,0.2,0.25,6,1.0,1.0,,1.0,0,10,2.0,0.6,moon,25.0,mars_faults,ood
400019,success,True,6.74384711050638,10.403107865331462,3,5,563.8176094031212,400.68955422437944,250.20527815458425,64.77882615386183,386,91.254833995939,153,1,0.24420708066917188,235,66033,0.013091469362580321,0,0.0,mars,risk_aware_astar,64,5,800,0.2,0.25,6,1.0,1.0,,1.0,0,10,2.0,0.6,moon,25.0,mars_faults,ood
400020,immobilized,False,1.6689129305107204,7.490868008358168,1,5,334.9082041434082,80.74047240727423,159.1656015971976,100.99094785708428,75,20.970562748477146,29,13,0.5839434174680297,59,19774,0.018505110727640273,0,0.0,mars,risk_aware_astar,64,5,800,0.2,0.25,6,1.0,1.0,,1.0,0,10,2.0,0.6,moon,25.0,mars_faults,ood
400021,energy_exhausted,False,1.1838366797759214,8.656699591862557,1,5,392.8324961776879,53.4020118335473,73.90284898919282,73.92284898919281,49,55.18376618407354,0,1,0.28099777443253193,81,82361,0.026471800252776845,3,6.4031242374328485,mars,risk_aware_astar,64,5,800,0.2,0.25,6,1.0,1.0,,1.0,0,10,2.0,0.6,moon,25.0,mars_faults,ood
400022,energy_exhausted,False,1.274123461933285,10.050554038465963,1,5,1215.757738483775,823.7312152745515,21.306810124094337,21.326810124094337,733,142.2253967444162,302,5,0.27485654108695556,463,141131,0.0164141124641618,0,14.560219778561036,mars,risk_aware_astar,64,5,800,0.2,0.25,6,1.0,1.0,,1.0,0,10,2.0,0.6,moon,25.0,mars_faults,ood
400023,success,True,0.0,9.312488982340422,0,5,351.48689881756945,188.98536620853804,250.83180072429514,93.71915880571092,184,22.72792206135786,81,2,0.2705317933545647,144,58535,0.03440209398128646,0,0.0,mars,risk_aware_astar,64,5,800,0.2,0.25,6,1.0,1.0,,1.0,0,10,2.0,0.6,moon,25.0,mars_faults,ood
400024,success,True,0.0,8.945433533721532,0,5,263.07680539692205,100.56396975292236,250.82049768933072,164.351357494113,110,6.82842712474619,51,2,0.3234645084114821,103,53332,0.023143081671826105,0,0.0,mars,risk_aware_astar,64,5,800,0.2,0.25,6,1.0,1.0,,1.0,0,10,2.0,0.6,moon,25.0,mars_faults,ood
400025,success,True,1.187697045456624,6.504449313092817,1,5,319.36870752272273,158.05105210617813,252.01567791678394,138.17028751637645,148,43.4558441227157,56,0,0.20098347339338027,118,80986,0.054762583956193045,0,0.0,mars,risk_aware_astar,64,5,800,0.2,0.25,6,1.0,1.0,,1.0,0,10,2.0,0.6,moon,25.0,mars_faults,ood
400026,energy_exhausted,False,2.908728450954972,12.919125223882055,1,5,327.2335766157444,31.205265036874746,117.30502175446385,117.32502175446385,28,30.55634918610405,0,1,0.28967507722899777,35,28412,0.03780811684677099,0,10.44030650891055,mars,risk_aware_astar,64,5,800,0.2,0.25,6,1.0,1.0,,1.0,0,10,2.0,0.6,moon,25.0,mars_faults,ood
400027,energy_exhausted,False,0.0,10.052784418734847,0,5,1043.3036471825858,694.2662569845727,64.29594313529643,18.231341691925994,692,88.25483399593901,306,6,0.22149724537901916,454,155269,0.1541073274388559,1,6.708203932499369,mars,risk_aware_astar,64,5,800,0.2,0.25,6,1.0,1.0,,1.0,0,10,2.0,0.6,moon,25.0,mars_faults,ood
400028,energy_exhausted,False,2.85670826955898,11.175818835571611,1,5,741.1468790652059,419.8363764263715,92.02283069449074,92.04283069449073,392,52.627416997969505,171,5,0.2467539394063885,293,121841,0.17522912811371516,1,4.0,mars,risk_aware_astar,64,5,800,0.2,0.25,6,1.0,1.0,,1.0,0,10,2.0,0.6,moon,25.0,mars_faults,ood
400029,energy_exhausted,False,1.9269961299693577,7.772974148827593,1,5,348.44598055811497,29.429541853304993,94.31689462852364,94.33689462852364,31,36.45584412271571,0,1,0.3118735976488764,46,38190,0.03703443670777473,0,24.351591323771842,mars,risk_aware_astar,64,5,800,0.2,0.25,6,1.0,1.0,,1.0,0,10,2.0,0.6,moon,25.0,mars_faults,ood
400030,immobilized,False,0.0,9.716785046362691,0,5,262.04084803303897,65.77760400284552,217.07008930313722,165.15454192054142,65,11.656854249492381,27,13,0.6294558348039767,49,22381,0.033294676718895855,0,0.0,mars,risk_aware_astar,64,5,800,0.2,0.25,6,1.0,1.0,,1.0,0,10,2.0,0.6,moon,25.0,mars_faults,ood
400031,immobilized,False,2.6760108965509426,12.854598146362186,1,5,414.5853253148177,33.09538796539033,31.843395983906166,31.843395983906166,31,32.627416997969526,0,5,0.3111208855359219,57,46902,0.03762334383343724,0,2.0,mars,risk_aware_astar,64,5,800,0.2,0.25,6,1.0,1.0,,1.0,0,10,2.0,0.6,moon,25.0,mars_faults,ood
400032,timeout,False,0.0,10.281575833388214,0,5,882.1791844455164,671.8396366091355,202.9937854969405,73.8792436606808,800,51.94112549695426,379,5,0.22508715385836606,477,83944,0.012672886890304436,0,0.0,mars,risk_aware_astar,64,5,800,0.2,0.25,6,1.0,1.0,,1.0,0,10,2.0,0.6,moon,25.0,mars_faults,ood
400033,success,True,1.236935143682114,8.442189452281752,1,5,256.1722426931682,92.93922014756198,250.10031078772738,185.77970060614646,98,28.384776310850242,36,1,0.2778719092805797,91,46431,0.024485960844836452,1,0.0,mars,risk_aware_astar,64,5,800,0.2,0.25,6,1.0,1.0,,1.0,0,10,2.0,0.6,moon,25.0,mars_faults,ood
400034,timeout,False,0.0,12.717881015155145,0,5,1037.0957008139314,763.6596928619985,139.89732538138549,46.22248068210518,800,43.79898987322332,380,7,0.26059342955601267,517,137587,0.11138604965836674,1,0.0,mars,risk_aware_astar,64,5,800,0.2,0.25,6,1.0,1.0,,1.0,0,10,2.0,0.6,moon,25.0,mars_faults,ood
400035,energy_exhausted,False,0.0,8.869218248335546,0,5,341.3439746858964,28.74557240999253,100.7349310574295,100.7549310574295,30,30.970562748477146,0,3,0.27371452787872286,43,45086,0.02567541607389745,0,1.4142135623730951,mars,risk_aware_astar,64,5,800,0.2,0.25,6,1.0,1.0,,1.0,0,10,2.0,0.6,moon,25.0,mars_faults,ood
400036,timeout,False,5.172389931770752,12.205281884196726,2,5,956.1070914959956,782.9945405145672,240.22078235188832,35.62866673300189,800,103.49747468305827,355,2,0.24448381372816996,477,90242,0.19969464881480758,0,1.4142135623730951,mars,risk_aware_astar,64,5,800,0.2,0.25,6,1.0,1.0,,1.0,0,10,2.0,0.6,moon,25.0,mars_faults,ood
400037,energy_exhausted,False,0.0,10.849583089372857,0,5,755.7738344038612,345.5678634984199,3.1273624278808856,3.1473624278808856,432,52.941125496954264,193,4,0.27477566877691834,278,96236,0.17256339969996848,0,1.0,mars,risk_aware_astar,64,5,800,0.2,0.25,6,1.0,1.0,,1.0,0,10,2.0,0.6,moon,25.0,mars_faults,ood
400038,energy_exhausted,False,2.3560180656126475,12.89455164165896,1,5,432.8500384529643,20.963878536551466,1.447173416920446,1.467173416920446,24,22.48528137423857,0,3,0.3966689700606498,42,44732,0.01390182591592215,0,6.324555320336759,mars,risk_aware_astar,64,5,800,0.2,0.25,6,1.0,1.0,,1.0,0,10,2.0,0.6,moon,25.0,mars_faults,ood
400039,energy_exhausted,False,1.7648669781534534,8.546839348498514,1,5,364.6482327905985,26.229068608572998,74.91416915130807,74.93416915130807,27,26.899494936611667,0,2,0.3474329841512712,40,48537,0.02202080130213968,0,10.04987562112089,mars,risk_aware_astar,64,5,800,0.2,0.25,6,1.0,1.0,,1.0,0,10,2.0,0.6,moon,25.0,mars_faults,ood
400040,energy_exhausted,False,2.643272406132337,8.82589080977645,1,5,476.83709004071477,183.79763270649835,120.29387599911041,92.99376342372884,178,18.55634918610405,81,2,0.2880591606274585,140,51742,0.0035636571362357428,0,3.605551275463989,mars,risk_aware_astar,64,5,800,0.2,0.25,6,1.0,1.0,,1.0,0,10,2.0,0.6,moon,25.0,mars_faults,ood
400041,immobilized,False,0.0,11.03122399243434,0,5,351.5318279497593,116.85849749859571,178.66000288216736,88.22114954846812,123,22.72792206135786,51,19,0.5771430156120027,83,30399,0.027617418472412725,0,0.0,mars,risk_aware_astar,64,5,800,0.2,0.25,6,1.0,1.0,,1.0,0,10,2.0,0.6,moon,25.0,mars_faults,ood
400042,immobilized,False,2.6825081225760576,11.069701112431636,1,5,354.3003497559172,103.07352077055106,162.1065043479661,109.29200989123197,91,44.142135623730944,25,9,0.4568274465353191,67,48489,0.021152017468771267,0,0.0,mars,risk_aware_astar,64,5,800,0.2,0.25,6,1.0,1.0,,1.0,0,10,2.0,0.6,moon,25.0,mars_faults,ood
400043,success,True,2.682945434512903,10.627744261056389,1,5,716.4573609751095,555.1168787716896,251.9928511299065,79.11756195105744,520,98.2253967444161,219,3,0.23472548506075128,328,97332,0.029836975621830852,0,0.0,mars,risk_aware_astar,64,5,800,0.2,0.25,6,1.0,1.0,,1.0,0,10,2.0,0.6,moon,25.0,mars_faults,ood
400044,success,True,2.901195846735302,8.878812952777938,1,5,470.09388405162025,306.7168968238371,249.95634610554143,1.3733557599267878,314,50.870057685088796,134,2,0.24348146280524424,207,80983,0.0253825621547622,0,0.0,mars,risk_aware_astar,64,5,800,0.2,0.25,6,1.0,1.0,,1.0,0,10,2.0,0.6,moon,25.0,mars_faults,ood
400045,energy_exhausted,False,4.3826730168011645,12.070486997534495,2,5,1082.9279548734055,678.4891392333309,8.894517693254087,8.914517693254087,762,111.84062043356589,331,4,0.3032814987403357,461,90016,0.020679138005323727,0,4.242640687119285,mars,risk_aware_astar,64,5,800,0.2,0.25,6,1.0,1.0,,1.0,0,10,2.0,0.6,moon,25.0,mars_faults,ood
400046,energy_exhausted,False,2.747236993103781,9.241608205169689,1,5,439.2279473636371,46.8989201582851,21.004306127981977,21.024306127981976,40,42.627416997969505,0,3,0.31197254191223855,52,59611,0.02666860077030664,0,13.92838827718412,mars,risk_aware_astar,64,5,800,0.2,0.25,6,1.0,1.0,,1.0,0,10,2.0,0.6,moon,25.0,mars_faults,ood
400047,energy_exhausted,False,0.0,9.665149970503345,0,5,515.0546433128694,107.38440120693726,5.663091227401204,5.683091227401204,93,33.798989873223334,31,3,0.2552522492708152,95,72692,0.021772519095700882,0,6.0,mars,risk_aware_astar,64,5,800,0.2,0.25,6,1.0,1.0,,1.0,0,10,2.0,0.6,moon,25.0,mars_faults,ood
400048,success,True,0.0,8.369900996280546,0,5,340.3132171269248,178.47121722405262,251.49133343045412,102.99570763448854,174,22.142135623730955,77,2,0.29803057883962825,140,75280,0.021311414544637808,0,0.0,mars,risk_aware_astar,64,5,800,0.2,0.25,6,1.0,1.0,,1.0,0,10,2.0,0.6,moon,25.0,mars_faults,ood
400049,immobilized,False,2.4809861891598297,10.408582726408738,1,5,368.285345101267,95.99848559402604,141.0464738260908,82.69634550213182,103,38.970562748477136,34,11,0.49837968353958184,80,56958,0.12666732936656566,0,0.0,mars,risk_aware_astar,64,5,800,0.2,0.25,6,1.0,1.0,,1.0,0,10,2.0,0.6,moon,25.0,mars_faults,ood
400050,energy_exhausted,False,0.0,9.016487812813203,0,5,417.2786899788186,33.69359224631612,29.748235600830956,29.768235600830955,31,32.798989873223334,0,2,0.3647590449618694,44,39021,0.028830642243694915,1,6.4031242374328485,mars,risk_aware_astar,64,5,800,0.2,0.25,6,1.0,1.0,,1.0,0,10,2.0,0.6,moon,25.0,mars_faults,ood
400051,timeout,False,1.9844359736195682,9.000460904000539,1,5,822.5735278571827,581.7100517869633,172.4698572631094,90.07842638715721,800,71.35533905932733,370,4,0.3030583218062455,468,127570,0.03417994376858502,0,0.0,mars,risk_aware_astar,64,5,800,0.2,0.25,6,1.0,1.0,,1.0,0,10,2.0,0.6,moon,25.0,mars_faults,ood
400052,success,True,3.4686593707649154,10.4968674484105,2,5,747.8454882423977,585.9826849237252,251.470530014658,68.27284479651496,570,107.0121933088197,237,2,0.16309813170470555,359,109353,0.004027281010334893,0,0.0,mars,risk_aware_astar,64,5,800,0.2,0.25,6,1.0,1.0,,1.0,0,10,2.0,0.6,moon,25.0,mars_faults,ood
400053,immobilized,False,2.8428104718997353,8.94485504185127,1,5,361.08981745648975,169.38691107163118,221.63042694846988,83.3602062341219,163,24.48528137423857,70,23,0.6436761246595487,110,60135,0.007959961772003754,0,0.0,mars,risk_aware_astar,64,5,800,0.2,0.25,6,1.0,1.0,,1.0,0,10,2.0,0.6,moon,25.0,mars_faults,ood
400004,immobilized,False,0.0,10.342360460905567,0,5,398.26107876895946,165.1958581399443,180.26811270431455,36.24371995281966,139,11.656854249492381,64,19,0.6429954071843256,87,18103,0.03658261299487753,0,0.0,mars,adaptive_risk_aware_astar,64,5,800,0.2,0.25,6,1.0,1.5,,0.0,0,10,2.0,0.6,moon,25.0,mars_high_uncertainty,ood
400005,success,True,0.0,9.623904321875369,0,5,382.2287863514737,219.73968950617055,250.84423648802314,82.43726443212509,218,41.79898987322333,90,1,0.24040793118066076,153,79337,0.030081061281292065,0,0.0,mars,adaptive_risk_aware_astar,64,5,800,0.2,0.25,6,1.0,1.5,,0.0,0,10,2.0,0.6,moon,25.0,mars_high_uncertainty,ood
400006,success,True,2.660266403645624,9.130953200747532,1,5,470.4346648588103,308.64216583345996,251.5408343079735,1.2263584787704906,312,44.04163056034261,137,1,0.29650289656228324,192,61359,0.03994074605946751,0,0.0,mars,adaptive_risk_aware_astar,64,5,800,0.2,0.25,6,1.0,1.5,,0.0,0,10,2.0,0.6,moon,25.0,mars_high_uncertainty,ood
400007,energy_exhausted,False,0.0,10.037456096628219,0,5,388.0525952114289,32.196144116032215,57.476882237936884,57.49688223793689,31,33.213203435596434,0,2,0.2929622512594351,44,42548,0.023707458505845436,1,1.4142135623730951,mars,adaptive_risk_aware_astar,64,5,800,0.2,0.25,6,1.0,1.5,,0.0,0,10,2.0,0.6,moon,25.0,mars_high_uncertainty,ood
400008,success,True,0.0,8.885444925719812,0,5,324.13149223584657,161.06105014024476,250.26289123772492,130.90688996308467,164,36.72792206135786,65,1,0.19818688483154115,128,54259,0.043237982712137524,0,0.0,mars,adaptive_risk_aware_astar,64,5,800,0.2,0.25,6,1.0,1.5,,0.0,0,10,2.0,0.6,moon,25.0,mars_high_uncertainty,ood
400009,success,True,2.9643442354033516,10.375277040139736,1,5,732.5958168044292,570.1124228624622,250.8499393913543,3.2790849648224385,616,60.76955262170044,282,2,0.23338423312752427,348,51242,0.026665666596797033,0,0.0,mars,adaptive_risk_aware_astar,64,5,800,0.2,0.25,6,1.0,1.5,,0.0,0,10,2.0,0.6,moon,25.0,mars_high_uncertainty,ood
400010,success,True,1.8158144339910596,10.41206692211277,1,5,334.434235396085,173.61768755578555,252.51678549302883,139.027850731318,148,60.284271247461874,47,1,0.16573823737509247,113,76858,0.0324294141809911,0,0.0,mars,adaptive_risk_aware_astar,64,5,800,0.2,0.25,6,1.0,1.5,,0.0,0,10,2.0,0.6,moon,25.0,mars_high_uncertainty,ood
400011,energy_exhausted,False,0.0,9.044600831464807,0,5,460.9135497132546,50.25646539173625,2.6762490118150977,2.6962490118150977,49,52.11269837220807,0,2,0.3036972110126352,83,92767,0.09850594287633241,3,1.0,mars,adaptive_risk_aware_astar,64,5,800,0.2,0.25,6,1.0,1.5,,0.0,0,10,2.0,0.6,moon,25.0,mars_high_uncertainty,ood
400012,energy_exhausted,False,2.065511083809088,9.399408209832723,1,5,354.80904595443116,27.779400048837964,86.30368742774014,86.32368742774014,27,26.313708498984766,0,3,0.33845736919198194,39,33974,0.12730674336849224,0,1.0,mars,adaptive_risk_aware_astar,64,5,800,0.2,0.25,6,1.0,1.5,,0.0,0,10,2.0,0.6,moon,25.0,mars_high_uncertainty,ood
400013,energy_exhausted,False,0.0,11.422294659534387,0,5,1079.5506578139411,734.5506059981603,68.3332815175494,54.61055580671973,644,37.55634918610404,303,8,0.21717187975845179,452,152829,0.037825721594333284,0,3.1622776601683795,mars,adaptive_risk_aware_astar,64,5,800,0.2,0.25,6,1.0,1.5,,0.0,0,10,2.0,0.6,moon,25.0,mars_high_uncertainty,ood
400014,energy_exhausted,False,2.4472873995289284,10.17582267325629,1,5,375.5084280425264,22.543191016702053,60.368096307509205,60.38809630750921,23,23.313708498984763,0,2,0.34747392187959664,31,39559,0.02212919243185929,0,19.697715603592208,mars,adaptive_risk_aware_astar,64,5,800,0.2,0.25,6,1.0,1.5,,0.0,0,10,2.0,0.6,moon,25.0,mars_high_uncertainty,ood
400015,energy_exhausted,False,2.6878019553130885,12.083069141602065,1,5,439.09128235127895,27.074119108779993,1.3161700908345864,1.3361700908345864,31,35.87005768508881,0,1,0.38820314400638606,42,51891,0.022255016536104955,1,5.0,mars,adaptive_risk_aware_astar,64,5,800,0.2,0.25,6,1.0,1.5,,0.0,0,10,2.0,0.6,moon,25.0,mars_high_uncertainty,ood
400016,success,True,0.0,12.058914380674398,0,5,156.94970068055926,12.242490013931336,268.6261226667059,266.88471872596307,14,10.82842712474619,1,1,0.30876583827208365,44,65834,0.028341571960378564,0,0.0,mars,adaptive_risk_aware_astar,64,5,800,0.2,0.25,6,1.0,1.5,,0.0,0,10,2.0,0.6,moon,25.0,mars_high_uncertainty,ood
400017,energy_exhausted,False,2.015181804021767,10.377593705823667,1,5,410.0093786799299,40.134142129857885,43.45809678326157,43.47809678326157,38,41.62741699796952,0,2,0.2824936330487422,47,49030,0.03711969106659363,0,9.848857801796104,mars,adaptive_risk_aware_astar,64,5,800,0.2,0.25,6,1.0,1.5,,0.0,0,10,2.0,0.6,moon,25.0,mars_high_uncertainty,ood
400018,success,True,1.494875937372436,9.300711949766486,1,5,396.58435739607893,233.59900428557157,250.34798022281734,148.566650808805,202,49.45584412271571,79,1,0.20744576045141475,170,78940,0.047995561070661386,0,0.0,mars,adaptive_risk_aware_astar,64,5,800,0.2,0.25,6,1.0,1.5,,0.0,0,10,2.0,0.6,moon,25.0,mars_high_uncertainty,ood
400019,energy_exhausted,False,4.341311423818783,10.403107865331462,2,5,1075.7782690652903,734.1768634678974,71.7319277359265,30.03056316088287,710,102.84062043356587,308,6,0.23853844114134173,451,113704,0.016253671781223833,0,10.44030650891055,mars,adaptive_risk_aware_astar,64,5,800,0.2,0.25,6,1.0,1.5,,0.0,0,10,2.0,0.6,moon,25.0,mars_high_uncertainty,ood
400020,immobilized,False,0.0,7.490868008358168,0,5,216.4144116377897,40.06573188833391,236.98465358387753,203.3214329974965,37,2.0,17,9,0.7669470730776747,48,24146,0.14283222447009103,0,0.0,mars,adaptive_risk_aware_astar,64,5,800,0.2,0.25,6,1.0,1.5,,0.0,0,10,2.0,0.6,moon,25.0,mars_high_uncertainty,ood
400021,energy_exhausted,False,1.1838366797759214,8.656699591862557,1,5,424.0746305067884,53.373707209076464,42.63241003562144,42.65241003562144,49,54.355339059327356,0,1,0.276355850136539,81,81105,0.11607264387973082,3,8.06225774829855,mars,adaptive_risk_aware_astar,64,5,800,0.2,0.25,6,1.0,1.5,,0.0,0,10,2.0,0.6,moon,25.0,mars_high_uncertainty,ood
400022,energy_exhausted,False,0.0,10.050554038465963,0,5,359.82554929035297,32.58891286004427,86.09669690302503,86.11669690302503,30,31.142135623730958,0,2,0.27452418728421707,63,55525,0.024085201448084903,0,5.385164807134504,mars,adaptive_risk_aware_astar,64,5,800,0.2,0.25,6,1.0,1.5,,0.0,0,10,2.0,0.6,moon,25.0,mars_high_uncertainty,ood
400023,success,True,0.0,9.312488982340422,0,5,365.5900153918107,204.03198502963625,251.7753029711522,89.85288815384614,198,33.798989873223334,84,2,0.2682446439692068,148,54945,0.030099645181010715,0,0.0,mars,adaptive_risk_aware_astar,64,5,800,0.2,0.25,6,1.0,1.5,,0.0,0,10,2.0,0.6,moon,25.0,mars_high_uncertainty,ood
400024,success,True,0.0,8.945433533721532,0,5,505.8495847816877,342.3126643355352,249.79641288717045,93.9487043379354,374,22.142135623730955,177,3,0.2823383962288221,251,71771,0.11379264919277843,0,0.0,mars,adaptive_risk_aware_astar,64,5,800,0.2,0.25,6,1.0,1.5,,0.0,0,10,2.0,0.6,moon,25.0,mars_high_uncertainty,ood
400025,success,True,1.187697045456624,6.504449313092817,1,5,502.32989175482436,339.9123158678032,250.9157574463016,36.104462765177495,316,42.970562748477136,138,2,0.19427544356680673,211,90264,0.04738289479493707,0,0.0,mars,adaptive_risk_aware_astar,64,5,800,0.2,0.25,6,1.0,1.5,,0.0,0,10,2.0,0.6,moon,25.0,mars_high_uncertainty,ood
400026,energy_exhausted,False,2.908728450954972,12.919125223882055,1,5,451.5642411214801,40.208282431091995,1.9773746429453707,1.9973746429453707,35,36.970562748477136,0,2,0.30139795698119676,29,20805,0.034815133492963835,0,1.4142135623730951,mars,adaptive_risk_aware_astar,64,5,800,0.2,0.25,6,1.0,1.5,,0.0,0,10,2.0,0.6,moon,25.0,mars_high_uncertainty,ood
400027,energy_exhausted,False,0.0,10.052784418734847,0,5,453.87449135047063,41.58305434697184,1.0418963298346442,1.0618963298346442,40,44.28427124746189,0,2,0.31479173732692933,63,68590,0.02797836451654634,1,1.4142135623730951,mars,adaptive_risk_aware_astar,64,5,800,0.2,0.25,6,1.0,1.5,,0.0,0,10,2.0,0.6,moon,25.0,mars_high_uncertainty,ood
400028,energy_exhausted,False,2.85670826955898,11.175818835571611,1,5,556.1807808384818,217.88052879037815,75.03308128522407,75.05308128522407,206,59.0416305603426,75,2,0.25150552728145253,149,70239,0.026363133600257105,1,3.605551275463989,mars,adaptive_risk_aware_astar,64,5,800,0.2,0.25,6,1.0,1.5,,0.0,0,10,2.0,0.6,moon,25.0,mars_high_uncertainty,ood
400029,success,True,1.9269961299693577,7.772974148827593,1,5,857.6396784643125,693.1960117246683,248.88966659368393,14.342022185700309,780,60.18376618407355,363,8,0.27659704051994843,492,89703,0.04162699448661478,0,0.0,mars,adaptive_risk_aware_astar,64,5,800,0.2,0.25,6,1.0,1.5,,0.0,0,10,2.0,0.6,moon,25.0,mars_high_uncertainty,ood
400030,immobilized,False,0.0,9.716785046362691,0,5,250.18905767414577,65.77760400284552,228.92187966203278,177.00633227943698,65,11.656854249492381,27,13,0.5978739877406984,49,22581,0.03329601281145733,0,0.0,mars,adaptive_risk_aware_astar,64,5,800,0.2,0.25,6,1.0,1.5,,0.0,0,10,2.0,0.6,moon,25.0,mars_high_uncertainty,ood
400031,energy_exhausted,False,2.6760108965509426,12.854598146362186,1,5,432.27938526192213,29.881209185132732,10.935157256544413,10.955157256544412,29,30.798989873223338,0,3,0.2802144121146549,42,33172,0.029972029758929875,0,2.23606797749979,mars,adaptive_risk_aware_astar,64,5,800,0.2,0.25,6,1.0,1.5,,0.0,0,10,2.0,0.6,moon,25.0,mars_high_uncertainty,ood
400032,energy_exhausted,False,0.0,10.281575833388214,0,5,616.1267056621787,231.09267466119434,28.2993023323417,28.3193023323417,236,33.87005768508882,103,4,0.2486979866494192,179,66665,0.101285849929169,0,7.810249675906654,mars,adaptive_risk_aware_astar,64,5,800,0.2,0.25,6,1.0,1.5,,0.0,0,10,2.0,0.6,moon,25.0,mars_high_uncertainty,ood
400033,energy_exhausted,False,1.236935143682114,8.442189452281752,1,5,537.5421481331263,127.3816316430677,3.172816843271033,3.192816843271033,134,40.21320343559643,48,2,0.3196226631843504,94,36077,0.0285773371030964,1,2.23606797749979,mars,adaptive_risk_aware_astar,64,5,800,0.2,0.25,6,1.0,1.5,,0.0,0,10,2.0,0.6,moon,25.0,mars_high_uncertainty,ood
400034,success,True,0.0,12.717881015155145,0,5,259.4981402987351,97.53977172688658,251.37496476148144,180.43744493717037,96,22.142135623730955,38,2,0.26123224918197435,101,75729,0.02969918218648626,0,0.0,mars,adaptive_risk_aware_astar,64,5,800,0.2,0.25,6,1.0,1.5,,0.0,0,10,2.0,0.6,moon,25.0,mars_high_uncertainty,ood
400035,energy_exhausted,False,0.0,8.869218248335546,0,5,419.59278024038025,28.07054652654942,21.811099619502627,21.831099619502627,29,29.55634918610405,0,3,0.279126875368985,34,35570,0.041222343572094866,0,1.4142135623730951,mars,adaptive_risk_aware_astar,64,5,800,0.2,0.25,6,1.0,1.5,,0.0,0,10,2.0,0.6,moon,25.0,mars_high_uncertainty,ood
400036,timeout,False,2.708139130964118,12.205281884196726,1,5,1113.208189561838,784.9948450979164,85.11998886939985,28.345748729233556,800,103.74011537017755,355,5,0.24936237458956584,488,83857,0.01072387816955589,0,0.0,mars,adaptive_risk_aware_astar,64,5,800,0.2,0.25,6,1.0,1.5,,0.0,0,10,2.0,0.6,moon,25.0,mars_high_uncertainty,ood
400037,success,True,0.0,10.849583089372857,0,5,200.62610603174824,37.00526744395088,249.71249474553647,227.23852939296023,44,16.48528137423857,14,1,0.27746850707947945,66,62917,0.025182718396906334,0,0.0,mars,adaptive_risk_aware_astar,64,5,800,0.2,0.25,6,1.0,1.5,,0.0,0,10,2.0,0.6,moon,25.0,mars_high_uncertainty,ood
400038,success,True,2.3560180656126475,12.89455164165896,1,5,528.5610866520686,364.3969735661788,249.1692202474268,101.28478231643962,382,52.62741699796952,167,3,0.2051221205870075,268,114229,0.15800671823013634,0,0.0,mars,adaptive_risk_aware_astar,64,5,800,0.2,0.25,6,1.0,1.5,,0.0,0,10,2.0,0.6,moon,25.0,mars_high_uncertainty,ood
400039,success,True,1.7648669781534534,8.546839348498514,1,5,591.0955266419666,427.76957242733465,250.00737911869624,39.30193948867555,448,47.79898987322333,202,2,0.23635299746706534,276,90131,0.03996538264043048,0,0.0,mars,adaptive_risk_aware_astar,64,5,800,0.2,0.25,6,1.0,1.5,,0.0,0,10,2.0,0.6,moon,25.0,mars_high_uncertainty,ood
400040,timeout,False,0.0,8.82589080977645,0,5,1014.8165275100519,825.8935667232258,224.41037254647577,78.40051893203122,800,8.0,396,6,0.2725767738882237,510,90167,0.01777451955542908,0,0.0,mars,adaptive_risk_aware_astar,64,5,800,0.2,0.25,6,1.0,1.5,,0.0,0,10,2.0,0.6,moon,25.0,mars_high_uncertainty,ood
400041,success,True,0.0,11.03122399243434,0,5,105.27694849436158,2.83996627452057,310.89635111349236,309.14304026381194,4,0.0,1,1,0.726889830075536,32,35279,0.032792229574025944,0,0.0,mars,adaptive_risk_aware_astar,64,5,800,0.2,0.25,6,1.0,1.5,,0.0,0,10,2.0,0.6,moon,25.0,mars_high_uncertainty,ood
400042,energy_exhausted,False,2.6825081225760576,11.069701112431636,1,5,366.70241299620903,47.268657393061986,93.89957773018669,93.91957773018669,42,44.970562748477136,0,1,0.2673832831008254,49,55454,0.03951477811548709,0,1.4142135623730951,mars,adaptive_risk_aware_astar,64,5,800,0.2,0.25,6,1.0,1.5,,0.0,0,10,2.0,0.6,moon,25.0,mars_high_uncertainty,ood
400043,timeout,False,2.682945434512903,10.627744261056389,1,5,1089.1611442511744,854.4772724015995,178.64946148373937,112.8475484980164,800,156.16652224137042,335,4,0.2326007901737444,494,137362,0.03259294855278705,0,0.0,mars,adaptive_risk_aware_astar,64,5,800,0.2,0.25,6,1.0,1.5,,0.0,0,10,2.0,0.6,moon,25.0,mars_high_uncertainty,ood
400044,success,True,0.0,8.878812952777938,0,5,265.1227580723501,101.74636678888784,249.9569420498681,180.44520967702894,106,36.04163056034262,38,1,0.23108554805987186,92,63687,0.0240684554607955,0,0.0,mars,adaptive_risk_aware_astar,64,5,800,0.2,0.25,6,1.0,1.5,,0.0,0,10,2.0,0.6,moon,25.0,mars_high_uncertainty,ood
400045,energy_exhausted,False,4.3826730168011645,12.070486997534495,2,5,564.0055366513395,268.2342824444267,117.56207912641275,60.17039271059054,300,78.11269837220806,114,2,0.22653275218502936,194,56966,0.026016069893319727,0,11.180339887498949,mars,adaptive_risk_aware_astar,64,5,800,0.2,0.25,6,1.0,1.5,,0.0,0,10,2.0,0.6,moon,25.0,mars_high_uncertainty,ood
400046,immobilized,False,1.0759328114998117,9.241608205169689,1,5,418.6348916669869,115.439276084589,110.13771775093409,33.032990305536615,105,32.38477631085024,38,19,0.563592341585487,79,46653,0.08847145196011197,0,0.0,mars,adaptive_risk_aware_astar,64,5,800,0.2,0.25,6,1.0,1.5,,0.0,0,10,2.0,0.6,moon,25.0,mars_high_uncertainty,ood
400047,success,True,0.0,9.665149970503345,0,5,629.8701834972508,465.5728951630601,249.03604499913732,87.19565116689998,396,64.42640687119281,171,3,0.2097400292375136,310,156721,0.18496304374086325,0,0.0,mars,adaptive_risk_aware_astar,64,5,800,0.2,0.25,6,1.0,1.5,,0.0,0,10,2.0,0.6,moon,25.0,mars_high_uncertainty,ood
400048,energy_exhausted,False,1.8113072495381968,8.369900996280546,1,5,316.4534172071655,20.379672429998887,117.25958855616688,117.27958855616687,21,25.213203435596434,0,1,0.36319210085698467,31,39123,0.02107276546555137,0,18.601075237738275,mars,adaptive_risk_aware_astar,64,5,800,0.2,0.25,6,1.0,1.5,,0.0,0,10,2.0,0.6,moon,25.0,mars_high_uncertainty,ood
400049,immobilized,False,2.4809861891598297,10.408582726408738,1,5,277.7140603565327,48.07389311591934,183.69316609271993,169.96372413414144,51,37.31370849898475,8,6,0.3190128605064655,54,60970,0.03363708166079549,0,0.0,mars,adaptive_risk_aware_astar,64,5,800,0.2,0.25,6,1.0,1.5,,0.0,0,10,2.0,0.6,moon,25.0,mars_high_uncertainty,ood
400050,immobilized,False,2.544867230415451,9.016487812813203,1,5,414.3426506298919,106.53432136262765,105.52500406606767,49.15783814178997,99,50.28427124746189,29,9,0.4729606876671641,70,40135,0.08157335719077718,0,0.0,mars,adaptive_risk_aware_astar,64,5,800,0.2,0.25,6,1.0,1.5,,0.0,0,10,2.0,0.6,moon,25.0,mars_high_uncertainty,ood
400051,energy_exhausted,False,1.9844359736195682,9.000460904000539,1,5,587.3093634607055,199.9450770223958,25.96904689501833,25.98904689501833,208,60.698484809834966,77,2,0.28505585692061264,149,91748,0.028232059987678637,0,5.385164807134504,mars,adaptive_risk_aware_astar,64,5,800,0.2,0.25,6,1.0,1.5,,0.0,0,10,2.0,0.6,moon,25.0,mars_high_uncertainty,ood
400052,energy_exhausted,False,1.3025252648500094,10.4968674484105,1,5,448.98302531486655,60.67863612612444,25.028944144591627,25.048944144591626,60,60.31370849898475,0,2,0.2012164648961582,80,76641,0.023048992030108795,0,13.601470508735444,mars,adaptive_risk_aware_astar,64,5,800,0.2,0.25,6,1.0,1.5,,0.0,0,10,2.0,0.6,moon,25.0,mars_high_uncertainty,ood
400053,immobilized,False,2.8428104718997353,8.94485504185127,1,5,323.8129046066573,117.04743607690058,206.56786480357317,117.67986577292129,113,24.485281374238575,45,17,0.5798271538941409,75,44993,0.01928882654897146,0,0.0,mars,adaptive_risk_aware_astar,64,5,800,0.2,0.25,6,1.0,1.5,,0.0,0,10,2.0,0.6,moon,25.0,mars_high_uncertainty,ood
400004,immobilized,False,0.0,10.342360460905567,0,5,340.6068392316827,164.73094403099532,237.45743813264139,95.70177597565896,139,13.65685424949238,63,18,0.6304276996279411,86,2137,0.036886533829757706,1,0.0,mars,astar,64,5,800,0.2,0.25,6,1.0,1.5,,0.0,0,10,2.0,0.6,moon,25.0,mars_high_uncertainty,ood
400005,success,True,0.0,9.623904321875369,0,5,304.12920812916576,140.8223217728339,250.02644697699606,142.4803259412841,140,24.48528137423857,58,2,0.24218316350592256,112,8182,0.036146234035931646,0,0.0,mars,astar,64,5,800,0.2,0.25,6,1.0,1.5,,0.0,0,10,2.0,0.6,moon,25.0,mars_high_uncertainty,ood
400006,success,True,2.660266403645624,9.130953200747532,1,5,401.29528305029834,237.912586218874,249.95063650190147,49.16078226528829,242,22.48528137423857,110,2,0.29934646566507217,168,5985,0.003985768584712002,0,0.0,mars,astar,64,5,800,0.2,0.25,6,1.0,1.5,,0.0,0,10,2.0,0.6,moon,25.0,mars_high_uncertainty,ood
400007,energy_exhausted,False,0.0,10.037456096628219,0,5,427.3781491493069,32.933093960475986,18.88827814450243,18.90827814450243,32,38.2842712474619,0,1,0.344889001855377,33,2769,0.0232573478549698,0,1.4142135623730951,mars,astar,64,5,800,0.2,0.25,6,1.0,1.5,,0.0,0,10,2.0,0.6,moon,25.0,mars_high_uncertainty,ood
400008,success,True,0.0,8.885444925719812,0,5,272.4819124676671,109.06926387206124,249.9206847377226,162.9243737313956,112,17.65685424949238,47,1,0.23085057633712425,99,5476,0.025297993172306743,0,0.0,mars,astar,64,5,800,0.2,0.25,6,1.0,1.5,,0.0,0,10,2.0,0.6,moon,25.0,mars_high_uncertainty,ood
400009,energy_exhausted,False,1.853705666136612,10.375277040139736,1,5,375.8603310710376,24.187632821851082,61.66063508414721,61.68063508414721,26,29.213203435596434,0,1,0.340969929892921,39,3112,0.0352011936439941,1,5.656854249492381,mars,astar,64,5,800,0.2,0.25,6,1.0,1.5,,0.0,0,10,2.0,0.6,moon,25.0,mars_high_uncertainty,ood
400010,success,True,1.8158144339910596,10.41206692211277,1,5,327.710236260219,165.49985932049233,251.122956393602,143.71173092772688,142,60.52691193458115,45,0,0.1804755120147437,121,9915,0.03171980147178832,1,0.0,mars,astar,64,5,800,0.2,0.25,6,1.0,1.5,,0.0,0,10,2.0,0.6,moon,25.0,mars_high_uncertainty,ood
400011,energy_exhausted,False,0.0,9.044600831464807,0,5,411.9431937164847,16.08609125638868,17.47623087323764,17.49623087323764,16,14.485281374238571,0,2,0.5234826552996189,32,3455,0.03118227897000103,1,2.8284271247461903,mars,astar,64,5,800,0.2,0.25,6,1.0,1.5,,0.0,0,10,2.0,0.6,moon,25.0,mars_high_uncertainty,ood
400012,energy_exhausted,False,2.065511083809088,9.399408209832723,1,5,383.44235067279845,27.80986960134381,57.70085226187892,57.720852261878925,27,24.65685424949238,0,3,0.3735812741285796,42,2977,0.006083841321562811,0,1.0,mars,astar,64,5,800,0.2,0.25,6,1.0,1.5,,0.0,0,10,2.0,0.6,moon,25.0,mars_high_uncertainty,ood
400013,immobilized,False,0.0,11.422294659534387,0,5,202.5694969641301,3.4271826474419536,214.19101901664519,214.19101901664519,3,0.0,0,3,0.8942089833065457,30,3074,0.028158191620125894,0,0.0,mars,astar,64,5,800,0.2,0.25,6,1.0,1.5,,0.0,0,10,2.0,0.6,moon,25.0,mars_high_uncertainty,ood
400014,energy_exhausted,False,2.4472873995289284,10.17582267325629,1,5,428.0698285640072,22.6651297657645,7.9286345350906675,7.948634535090667,23,23.313708498984763,0,2,0.36350589789286264,31,4158,0.02385746571367786,0,19.697715603592208,mars,astar,64,5,800,0.2,0.25,6,1.0,1.5,,0.0,0,10,2.0,0.6,moon,25.0,mars_high_uncertainty,ood
400015,energy_exhausted,False,0.0,12.083069141602065,0,5,410.0590564261479,9.892172758857058,13.166449666042666,13.186449666042666,13,11.899494936611667,0,2,0.511311912566309,42,5899,0.0258120071107536,1,10.0,mars,astar,64,5,800,0.2,0.25,6,1.0,1.5,,0.0,0,10,2.0,0.6,moon,25.0,mars_high_uncertainty,ood
400016,success,True,0.0,12.058914380674398,0,5,143.36294065174042,10.490843772166635,280.46123645376,278.7198325130172,12,8.0,1,1,0.3067157496188605,43,6186,0.02925772622775047,0,0.0,mars,astar,64,5,800,0.2,0.25,6,1.0,1.5,,0.0,0,10,2.0,0.6,moon,25.0,mars_high_uncertainty,ood
400017,energy_exhausted,False,0.0,10.377593705823667,0,5,409.6273253341555,25.149697748286165,28.85570574746388,28.87570574746388,24,22.485281374238575,0,3,0.3563273333496119,43,5270,0.10885796664129954,0,2.0,mars,astar,64,5,800,0.2,0.25,6,1.0,1.5,,0.0,0,10,2.0,0.6,moon,25.0,mars_high_uncertainty,ood
400018,energy_exhausted,False,0.0,9.300711949766486,0,5,1067.0508935800256,693.6718888786899,39.95432863198219,39.974328631982196,600,70.69848480983497,267,7,0.22333406470606357,438,15682,0.015119503643978849,1,6.082762530298219,mars,astar,64,5,800,0.2,0.25,6,1.0,1.5,,0.0,0,10,2.0,0.6,moon,25.0,mars_high_uncertainty,ood
400019,success,True,2.4782920855920345,10.403107865331462,1,5,550.9661120186652,389.0263721089766,251.39359342363724,72.83937912820464,376,42.48528137423857,167,3,0.2448616271953294,243,6509,0.022066558092730837,0,0.0,mars,astar,64,5,800,0.2,0.25,6,1.0,1.5,,0.0,0,10,2.0,0.6,moon,25.0,mars_high_uncertainty,ood
400020,immobilized,False,1.6689129305107204,7.490868008358168,1,5,285.35506043831003,39.63014498563504,167.60841788065753,146.20091387114232,37,20.384776310850242,11,6,0.5030654752522138,40,2480,0.015970888566868124,0,0.0,mars,astar,64,5,800,0.2,0.25,6,1.0,1.5,,0.0,0,10,2.0,0.6,moon,25.0,mars_high_uncertainty,ood
400021,energy_exhausted,False,0.0,8.656699591862557,0,5,409.92078303498215,32.39298387205171,35.80553417040313,35.82553417040313,31,33.213203435596434,0,1,0.38070796780938315,44,3149,0.02372437723431431,2,5.656854249492381,mars,astar,64,5,800,0.2,0.25,6,1.0,1.5,,0.0,0,10,2.0,0.6,moon,25.0,mars_high_uncertainty,ood
400022,energy_exhausted,False,0.0,10.050554038465963,0,5,370.97938730025515,20.970538264174856,63.324484297253036,63.34448429725304,21,19.48528137423857,0,3,0.4017393279640512,43,4470,0.017658644012603975,0,3.0,mars,astar,64,5,800,0.2,0.25,6,1.0,1.5,,0.0,0,10,2.0,0.6,moon,25.0,mars_high_uncertainty,ood
400023,success,True,0.0,9.312488982340422,0,5,172.8992415755585,15.499651102804295,255.93374286057943,254.01383370109076,16,14.485281374238573,1,1,0.2605034800201208,53,5271,0.09383132268384675,0,0.0,mars,astar,64,5,800,0.2,0.25,6,1.0,1.5,,0.0,0,10,2.0,0.6,moon,25.0,mars_high_uncertainty,ood
400024,immobilized,False,0.0,8.945433533721532,0,5,238.0463510423768,3.652425472809754,178.9394077637663,178.9394077637663,4,1.4142135623730951,0,3,0.6981309560265802,30,3601,0.12156619631659349,0,1.4142135623730951,mars,astar,64,5,800,0.2,0.25,6,1.0,1.5,,0.0,0,10,2.0,0.6,moon,25.0,mars_high_uncertainty,ood
400025,success,True,1.187697045456624,6.504449313092817,1,5,645.0789853939592,483.5049442530088,251.7592921923736,8.607646080312115,448,37.31370849898476,206,3,0.1889377756651308,273,6135,0.038924016627307934,0,0.0,mars,astar,64,5,800,0.2,0.25,6,1.0,1.5,,0.0,0,10,2.0,0.6,moon,25.0,mars_high_uncertainty,ood
400026,success,True,2.908728450954972,12.919125223882055,1,5,387.31000994205755,224.15749228429056,250.18081567556095,77.50337939949878,212,39.798989873223334,88,1,0.2713353100007407,134,4042,0.035995966372011634,0,0.0,mars,astar,64,5,800,0.2,0.25,6,1.0,1.5,,0.0,0,10,2.0,0.6,moon,25.0,mars_high_uncertainty,ood
400027,success,True,0.0,10.052784418734847,0,5,440.33163282231703,277.4045944443805,250.40629495538866,52.22697174426185,278,28.242640687119287,123,3,0.20579192335974086,208,10635,0.12555358607702183,1,0.0,mars,astar,64,5,800,0.2,0.25,6,1.0,1.5,,0.0,0,10,2.0,0.6,moon,25.0,mars_high_uncertainty,ood
400028,energy_exhausted,False,0.0,11.175818835571611,0,5,422.78371556444364,18.086584829455933,8.636202598345765,8.656202598345764,20,16.414213562373096,0,3,0.438622649010249,33,3689,0.02029238052706339,0,6.082762530298219,mars,astar,64,5,800,0.2,0.25,6,1.0,1.5,,0.0,0,10,2.0,0.6,moon,25.0,mars_high_uncertainty,ood
400029,immobilized,False,0.0,7.772974148827593,0,5,232.02470805852067,10.207346129095441,191.51597140390825,191.51597140390825,10,8.242640687119284,0,3,0.411066201911353,31,2266,0.022367988751876955,0,7.615773105863909,mars,astar,64,5,800,0.2,0.25,6,1.0,1.5,,0.0,0,10,2.0,0.6,moon,25.0,mars_high_uncertainty,ood
400030,immobilized,False,0.0,9.716785046362691,0,5,256.67561333199706,65.73985557320353,222.39757557453896,170.48202819194316,65,11.656854249492381,27,13,0.599857076066491,49,2355,0.033790358183305225,0,0.0,mars,astar,64,5,800,0.2,0.25,6,1.0,1.5,,0.0,0,10,2.0,0.6,moon,25.0,mars_high_uncertainty,ood
400031,energy_exhausted,False,0.0,12.854598146362186,0,5,320.7514949140736,12.622877581522843,105.2047160007828,105.22471600078279,14,10.414213562373096,0,3,0.4024813510616463,33,2067,0.02398509064714749,0,2.23606797749979,mars,astar,64,5,800,0.2,0.25,6,1.0,1.5,,0.0,0,10,2.0,0.6,moon,25.0,mars_high_uncertainty,ood
400032,success,True,2.6622491917741566,10.281575833388214,1,5,369.37255652813286,206.55825577522413,250.51903258041915,146.02540653199767,212,49.31370849898475,82,2,0.21718857316031842,162,8458,0.034923019737050365,0,0.0,mars,astar,64,5,800,0.2,0.25,6,1.0,1.5,,0.0,0,10,2.0,0.6,moon,25.0,mars_high_uncertainty,ood
400033,success,True,1.236935143682114,8.442189452281752,1,5,163.81323835519592,25.170908618478894,274.6910035966167,272.9237644249061,27,28.384776310850242,1,0,0.26529178946813103,46,4325,0.02785481377784671,1,0.0,mars,astar,64,5,800,0.2,0.25,6,1.0,1.5,,0.0,0,10,2.0,0.6,moon,25.0,mars_high_uncertainty,ood
400034,success,True,0.0,12.717881015155145,0,5,522.1455977848422,358.09472650054016,249.28246204902274,81.78831526364687,354,36.485281374238575,159,4,0.2532699978763568,296,15822,0.02031309352226085,0,0.0,mars,astar,64,5,800,0.2,0.25,6,1.0,1.5,,0.0,0,10,2.0,0.6,moon,25.0,mars_high_uncertainty,ood
400035,energy_exhausted,False,0.0,8.869218248335546,0,5,361.670350922412,25.5459857153317,77.20896812625291,77.22896812625291,27,25.07106781186548,0,3,0.3274778867298732,52,5542,0.060716302025900615,0,2.0,mars,astar,64,5,800,0.2,0.25,6,1.0,1.5,,0.0,0,10,2.0,0.6,moon,25.0,mars_high_uncertainty,ood
400036,success,True,5.172389931770752,12.205281884196726,2,5,374.68052848102315,211.4240454518084,250.07685030411088,123.63218195311327,216,41.21320343559642,90,2,0.24691742236683636,169,5199,0.07702155443766723,0,0.0,mars,astar,64,5,800,0.2,0.25,6,1.0,1.5,,0.0,0,10,2.0,0.6,moon,25.0,mars_high_uncertainty,ood
400037,success,True,0.0,10.849583089372857,0,5,286.2164050789377,123.4292074339436,250.54613568833517,146.9732238853946,144,14.485281374238571,65,2,0.28247072685774777,118,5874,0.02845819441616415,0,0.0,mars,astar,64,5,800,0.2,0.25,6,1.0,1.5,,0.0,0,10,2.0,0.6,moon,25.0,mars_high_uncertainty,ood
400038,success,True,0.0,12.89455164165896,0,5,232.51006126471378,69.46469940311147,250.28797147173066,202.67544157877654,74,19.656854249492383,27,2,0.24303234701712914,90,6542,0.02660776793506958,0,0.0,mars,astar,64,5,800,0.2,0.25,6,1.0,1.5,,0.0,0,10,2.0,0.6,moon,25.0,mars_high_uncertainty,ood
400039,success,True,0.0,8.546839348498514,0,5,299.6539107958937,136.33594190388376,250.0153644413193,132.69181519965645,144,10.828427124746192,66,2,0.24830717032707475,119,7120,0.03114583829191453,0,0.0,mars,astar,64,5,800,0.2,0.25,6,1.0,1.5,,0.0,0,10,2.0,0.6,moon,25.0,mars_high_uncertainty,ood
400040,success,True,0.0,8.82589080977645,0,5,503.26756628913836,339.77051957984355,249.83628662402603,91.3401325464763,330,0.0,164,3,0.2745888367106204,235,7087,0.12850788012082548,0,0.0,mars,astar,64,5,800,0.2,0.25,6,1.0,1.5,,0.0,0,10,2.0,0.6,moon,25.0,mars_high_uncertainty,ood
400041,success,True,0.0,11.03122399243434,0,5,144.69365589027095,3.7866216993607598,272.4262991424232,270.6729882927428,5,0.0,1,2,0.8093147999832179,42,4479,0.03274388888276325,0,0.0,mars,astar,64,5,800,0.2,0.25,6,1.0,1.5,,0.0,0,10,2.0,0.6,moon,25.0,mars_high_uncertainty,ood
400042,energy_exhausted,False,2.6825081225760576,11.069701112431636,1,5,436.5432499268509,38.2419856463554,15.032069052838093,15.052069052838092,34,29.82842712474619,0,4,0.3317958570566022,53,6653,0.011721420962851115,0,11.0,mars,astar,64,5,800,0.2,0.25,6,1.0,1.5,,0.0,0,10,2.0,0.6,moon,25.0,mars_high_uncertainty,ood
400043,success,True,2.682945434512903,10.627744261056389,1,5,431.3128057017527,268.2234650410444,250.2439926726183,78.83909420041257,252,50.28427124746189,104,1,0.23937925233158117,176,6792,0.026551144398146764,0,0.0,mars,astar,64,5,800,0.2,0.25,6,1.0,1.5,,0.0,0,10,2.0,0.6,moon,25.0,mars_high_uncertainty,ood
400044,success,True,0.0,8.878812952777938,0,5,394.0288169792726,231.0353618622066,250.33987821625982,50.9609120807858,236,23.798989873223338,108,2,0.22377372206927026,171,6664,0.07568686585923057,0,0.0,mars,astar,64,5,800,0.2,0.25,6,1.0,1.5,,0.0,0,10,2.0,0.6,moon,25.0,mars_high_uncertainty,ood
400045,energy_exhausted,False,0.0,12.070486997534495,0,5,391.4672752454143,23.941438023683933,45.80749611160316,45.82749611160316,27,24.656854249492383,0,3,0.3039612053307591,42,3298,0.021913748769603836,0,11.180339887498949,mars,astar,64,5,800,0.2,0.25,6,1.0,1.5,,0.0,0,10,2.0,0.6,moon,25.0,mars_high_uncertainty,ood
400046,immobilized,False,0.0,9.241608205169689,0,5,271.05465025098096,27.909736451683656,170.1884195340361,161.09759654708117,25,17.313708498984763,5,5,0.5245360919883477,36,2931,0.017893879569629845,0,0.0,mars,astar,64,5,800,0.2,0.25,6,1.0,1.5,,0.0,0,10,2.0,0.6,moon,25.0,mars_high_uncertainty,ood
400047,immobilized,False,0.0,9.665149970503345,0,5,308.93701690801424,9.779646780839881,114.17596320615911,114.17596320615911,8,5.82842712474619,0,3,0.5454309845957266,22,3337,0.027391036653498735,0,5.385164807134504,mars,astar,64,5,800,0.2,0.25,6,1.0,1.5,,0.0,0,10,2.0,0.6,moon,25.0,mars_high_uncertainty,ood
400048,energy_exhausted,False,0.0,8.369900996280546,0,5,359.6818604742547,18.706280249780452,72.35775310885937,72.37775310885937,21,24.213203435596434,0,2,0.31153149642074196,33,3184,0.024506033296980978,0,16.278820596099706,mars,astar,64,5,800,0.2,0.25,6,1.0,1.5,,0.0,0,10,2.0,0.6,moon,25.0,mars_high_uncertainty,ood
400049,energy_exhausted,False,2.4809861891598297,10.408582726408738,1,5,422.8305715972248,25.362986054697917,15.865747790806743,15.885747790806743,28,28.798989873223338,0,4,0.2874449352260687,50,4853,0.039426172415839233,0,5.0,mars,astar,64,5,800,0.2,0.25,6,1.0,1.5,,0.0,0,10,2.0,0.6,moon,25.0,mars_high_uncertainty,ood
400050,energy_exhausted,False,0.0,9.016487812813203,0,5,427.36196918487065,27.9251922912342,13.896556439697225,13.916556439697224,26,22.82842712474619,0,3,0.3607496798199657,34,3639,0.01938120263581189,0,10.0,mars,astar,64,5,800,0.2,0.25,6,1.0,1.5,,0.0,0,10,2.0,0.6,moon,25.0,mars_high_uncertainty,ood
400051,success,True,1.9844359736195682,9.000460904000539,1,5,546.4789623643708,384.3130787583211,251.1674497272804,59.270916497861364,408,49.31370849898475,180,2,0.2983338462667187,256,10611,0.06280464178611622,0,0.0,mars,astar,64,5,800,0.2,0.25,6,1.0,1.5,,0.0,0,10,2.0,0.6,moon,25.0,mars_high_uncertainty,ood
400052,energy_exhausted,False,0.0,10.4968674484105,0,5,432.89661842659405,21.04270410543281,1.4794190121720416,1.4994190121720417,21,19.07106781186548,0,3,0.463241954231866,52,4914,0.034017307410300957,0,7.615773105863909,mars,astar,64,5,800,0.2,0.25,6,1.0,1.5,,0.0,0,10,2.0,0.6,moon,25.0,mars_high_uncertainty,ood
400053,energy_exhausted,False,2.8428104718997353,8.94485504185127,1,5,402.3277538061383,22.819663914860925,33.825243442056,33.845243442056,24,22.242640687119287,0,2,0.4032748509990363,31,4931,0.006948413669778386,0,1.4142135623730951,mars,astar,64,5,800,0.2,0.25,6,1.0,1.5,,0.0,0,10,2.0,0.6,moon,25.0,mars_high_uncertainty,ood
400004,energy_exhausted,False,0.0,10.342360460905567,0,5,415.87870901874334,27.520131707980195,24.974756022570176,24.994756022570176,27,25.899494936611667,0,2,0.45055743517224656,42,34475,0.03377878070921003,1,8.246211251235321,mars,risk_aware_astar,64,5,800,0.2,0.25,6,1.0,1.5,,0.0,0,10,2.0,0.6,moon,25.0,mars_high_uncertainty,ood
400005,success,True,1.7572859911266732,9.623904321875369,1,5,332.62079514448334,170.52586369554987,251.23840188439468,138.07804844681948,168,52.62741699796952,61,0,0.23558880795593223,119,76969,0.020915855392455218,0,0.0,mars,risk_aware_astar,64,5,800,0.2,0.25,6,1.0,1.5,,0.0,0,10,2.0,0.6,moon,25.0,mars_high_uncertainty,ood
400006,success,True,2.660266403645624,9.130953200747532,1,5,355.61925591449364,192.78318502339454,250.49726244222822,90.93792619943986,196,22.48528137423857,87,1,0.3113848856053508,144,62055,0.0829605359065374,0,0.0,mars,risk_aware_astar,64,5,800,0.2,0.25,6,1.0,1.5,,0.0,0,10,2.0,0.6,moon,25.0,mars_high_uncertainty,ood
400007,energy_exhausted,False,0.0,10.037456096628219,0,5,422.7122992310176,32.196144116032215,22.817178218348232,22.83717821834823,31,33.213203435596434,0,2,0.292238137241477,44,39705,0.023707467192476295,1,1.4142135623730951,mars,risk_aware_astar,64,5,800,0.2,0.25,6,1.0,1.5,,0.0,0,10,2.0,0.6,moon,25.0,mars_high_uncertainty,ood
400008,success,True,0.0,8.885444925719812,0,5,769.0669284704001,605.7219774543587,249.98838231727592,20.977429622018473,616,67.45584412271569,276,4,0.17778118829042583,382,85083,0.10693123519938286,0,0.0,mars,risk_aware_astar,64,5,800,0.2,0.25,6,1.0,1.5,,0.0,0,10,2.0,0.6,moon,25.0,mars_high_uncertainty,ood
400009,energy_exhausted,False,2.9643442354033516,10.375277040139736,1,5,433.4291392555757,23.404817492173507,3.309011569931529,3.329011569931529,26,29.213203435596434,0,2,0.3739458119488108,32,25372,0.020650547978471212,0,12.806248474865697,mars,risk_aware_astar,64,5,800,0.2,0.25,6,1.0,1.5,,0.0,0,10,2.0,0.6,moon,25.0,mars_high_uncertainty,ood
400010,energy_exhausted,False,1.8158144339910596,10.41206692211277,1,5,460.0963908054114,51.20439054947153,4.4413330773934785,4.461333077393478,52,56.04163056034259,0,2,0.22992809145132645,57,71831,0.026493563260086672,0,6.324555320336759,mars,risk_aware_astar,64,5,800,0.2,0.25,6,1.0,1.5,,0.0,0,10,2.0,0.6,moon,25.0,mars_high_uncertainty,ood
400011,immobilized,False,0.0,9.044600831464807,0,5,362.0460427907836,147.7514864378726,199.03877698041913,105.14253362877734,139,52.526911934581165,47,19,0.5097141077811578,119,81735,0.08632150929507443,3,0.0,mars,risk_aware_astar,64,5,800,0.2,0.25,6,1.0,1.5,,0.0,0,10,2.0,0.6,moon,25.0,mars_high_uncertainty,ood
400012,energy_exhausted,False,2.065511083809088,9.399408209832723,1,5,423.64815186246466,27.779400048837964,17.46458151970649,17.484581519706488,27,26.313708498984766,0,3,0.33968069578338855,39,31351,0.025172168597300093,0,1.0,mars,risk_aware_astar,64,5,800,0.2,0.25,6,1.0,1.5,,0.0,0,10,2.0,0.6,moon,25.0,mars_high_uncertainty,ood
400013,immobilized,False,0.0,11.422294659534387,0,5,193.28088662057257,3.4271826474419536,223.47962936020272,223.47962936020272,3,0.0,0,3,0.8942089833065457,30,33205,0.029095685200706822,0,0.0,mars,risk_aware_astar,64,5,800,0.2,0.25,6,1.0,1.5,,0.0,0,10,2.0,0.6,moon,25.0,mars_high_uncertainty,ood
400014,energy_exhausted,False,2.4472873995289284,10.17582267325629,1,5,388.45984506424816,23.46391013481937,48.337398403904835,48.35739840390484,24,24.313708498984763,0,2,0.3264651741511376,31,40902,0.02212919314805939,0,18.788294228055936,mars,risk_aware_astar,64,5,800,0.2,0.25,6,1.0,1.5,,0.0,0,10,2.0,0.6,moon,25.0,mars_high_uncertainty,ood
400015,energy_exhausted,False,2.6878019553130885,12.083069141602065,1,5,406.4942294557485,23.281308267071854,30.12041214465693,30.14041214465693,27,29.213203435596434,0,2,0.39405948936764496,42,53689,0.022255039364384888,1,8.0,mars,risk_aware_astar,64,5,800,0.2,0.25,6,1.0,1.5,,0.0,0,10,2.0,0.6,moon,25.0,mars_high_uncertainty,ood
400016,energy_exhausted,False,0.0,12.058914380674398,0,5,424.25199365227155,11.949649004444874,1.0309886855068728,1.0509886855068729,14,10.828427124746192,0,3,0.4995016992528007,32,45025,0.1905459463559338,0,4.0,mars,risk_aware_astar,64,5,800,0.2,0.25,6,1.0,1.5,,0.0,0,10,2.0,0.6,moon,25.0,mars_high_uncertainty,ood
400017,energy_exhausted,False,2.015181804021767,10.377593705823667,1,5,448.3534553319671,50.2309533406285,15.210831341994991,15.23083134199499,48,55.94112549695426,0,1,0.2724780602100714,47,50344,0.035985467249423086,0,3.1622776601683795,mars,risk_aware_astar,64,5,800,0.2,0.25,6,1.0,1.5,,0.0,0,10,2.0,0.6,moon,25.0,mars_high_uncertainty,ood
400018,success,True,1.494875937372436,9.300711949766486,1,5,349.1417670750172,186.77727970930908,250.9688459676182,154.1754153151846,162,37.21320343559643,64,1,0.217452760502292,138,60723,0.026024624744737213,1,0.0,mars,risk_aware_astar,64,5,800,0.2,0.25,6,1.0,1.5,,0.0,0,10,2.0,0.6,moon,25.0,mars_high_uncertainty,ood
400019,success,True,6.74384711050638,10.403107865331462,3,5,724.6843431014927,561.9892540163031,250.63824424813285,61.98830042922803,542,94.66904755831209,230,2,0.22754029738294343,329,83293,0.17466328181962154,0,0.0,mars,risk_aware_astar,64,5,800,0.2,0.25,6,1.0,1.5,,0.0,0,10,2.0,0.6,moon,25.0,mars_high_uncertainty,ood
400020,immobilized,False,1.6689129305107204,7.490868008358168,1,5,381.4931886923725,39.65070324719844,71.49084788815892,52.12596330812103,37,20.970562748477146,10,7,0.501224150645317,40,19658,0.018505110727640273,0,0.0,mars,risk_aware_astar,64,5,800,0.2,0.25,6,1.0,1.5,,0.0,0,10,2.0,0.6,moon,25.0,mars_high_uncertainty,ood
400021,energy_exhausted,False,1.1838366797759214,8.656699591862557,1,5,427.6889273131501,53.4020118335473,39.0464178537306,39.066417853730606,49,55.18376618407354,0,1,0.27675381057831167,81,81571,0.025154017158830477,3,6.4031242374328485,mars,risk_aware_astar,64,5,800,0.2,0.25,6,1.0,1.5,,0.0,0,10,2.0,0.6,moon,25.0,mars_high_uncertainty,ood
400022,energy_exhausted,False,0.0,10.050554038465963,0,5,411.93275649419434,22.074157456021595,23.474734295160896,23.494734295160896,22,19.485281374238575,0,4,0.4300959771586533,44,32213,0.020191426432973447,0,3.0,mars,risk_aware_astar,64,5,800,0.2,0.25,6,1.0,1.5,,0.0,0,10,2.0,0.6,moon,25.0,mars_high_uncertainty,ood
400023,success,True,0.0,9.312488982340422,0,5,365.5900153918107,204.03198502963625,251.7753029711522,89.85288815384614,198,33.798989873223334,84,2,0.2682446439692068,148,57249,0.030518721027060214,0,0.0,mars,risk_aware_astar,64,5,800,0.2,0.25,6,1.0,1.5,,0.0,0,10,2.0,0.6,moon,25.0,mars_high_uncertainty,ood
400024,immobilized,False,0.0,8.945433533721532,0,5,210.28374839553533,3.652425472809754,206.70201041060776,206.70201041060776,4,1.4142135623730951,0,3,0.689138125661892,30,31356,0.022575282001473518,0,1.4142135623730951,mars,risk_aware_astar,64,5,800,0.2,0.25,6,1.0,1.5,,0.0,0,10,2.0,0.6,moon,25.0,mars_high_uncertainty,ood
400025,success,True,1.187697045456624,6.504449313092817,1,5,502.30437534737416,339.92090470537556,250.94986269132414,36.104462765177495,316,42.970562748477136,138,2,0.1942195037787256,211,93495,0.0375821493226105,0,0.0,mars,risk_aware_astar,64,5,800,0.2,0.25,6,1.0,1.5,,0.0,0,10,2.0,0.6,moon,25.0,mars_high_uncertainty,ood
400026,energy_exhausted,False,2.908728450954972,12.919125223882055,1,5,419.08218620216655,33.76792234952646,28.019069480693414,28.039069480693414,30,30.72792206135786,0,2,0.2994885336834112,36,28670,0.030175607945822525,0,8.602325267042627,mars,risk_aware_astar,64,5,800,0.2,0.25,6,1.0,1.5,,0.0,0,10,2.0,0.6,moon,25.0,mars_high_uncertainty,ood
400027,energy_exhausted,False,2.303114104758288,10.052784418734847,1,5,373.3759488436085,27.07718082985707,67.03456531958193,67.05456531958193,28,29.384776310850242,0,2,0.3586851431175989,60,71456,0.01823684120011948,1,12.36931687685298,mars,risk_aware_astar,64,5,800,0.2,0.25,6,1.0,1.5,,0.0,0,10,2.0,0.6,moon,25.0,mars_high_uncertainty,ood
400028,success,True,2.85670826955898,11.175818835571611,1,5,604.936433374267,443.25696753883557,251.65386749789562,117.25051237752754,414,54.6274169979695,182,3,0.23960207227494476,295,114925,0.1217220779153908,1,0.0,mars,risk_aware_astar,64,5,800,0.2,0.25,6,1.0,1.5,,0.0,0,10,2.0,0.6,moon,25.0,mars_high_uncertainty,ood
400029,energy_exhausted,False,1.9269961299693577,7.772974148827593,1,5,984.1931271421316,636.2826931244704,65.42289931566485,15.887788579562034,713,74.6690475583121,322,8,0.2823796060130572,435,81137,0.18620346428584533,0,4.47213595499958,mars,risk_aware_astar,64,5,800,0.2,0.25,6,1.0,1.5,,0.0,0,10,2.0,0.6,moon,25.0,mars_high_uncertainty,ood
400030,immobilized,False,0.0,9.716785046362691,0,5,250.18905767414577,65.77760400284552,228.92187966203278,177.00633227943698,65,11.656854249492381,27,13,0.5978739877406984,49,22517,0.03329601281145733,0,0.0,mars,risk_aware_astar,64,5,800,0.2,0.25,6,1.0,1.5,,0.0,0,10,2.0,0.6,moon,25.0,mars_high_uncertainty,ood
400031,immobilized,False,2.6760108965509426,12.854598146362186,1,5,421.698266552681,32.229891438274414,23.864958218927054,23.864958218927054,30,32.627416997969526,0,4,0.2864062839978122,42,32266,0.0206330627485678,0,2.0,mars,risk_aware_astar,64,5,800,0.2,0.25,6,1.0,1.5,,0.0,0,10,2.0,0.6,moon,25.0,mars_high_uncertainty,ood
400032,timeout,False,0.0,10.281575833388214,0,5,1036.1117076443627,786.2277247984365,163.44935048737113,103.03071394342211,800,77.8822509939085,371,6,0.22331521046601444,518,128645,0.07842797277912417,0,0.0,mars,risk_aware_astar,64,5,800,0.2,0.25,6,1.0,1.5,,0.0,0,10,2.0,0.6,moon,25.0,mars_high_uncertainty,ood
400033,success,True,1.236935143682114,8.442189452281752,1,5,453.665624864852,291.28077421912485,250.94848268759677,98.19953350634135,306,42.62741699796952,134,1,0.284167364125548,196,52093,0.03266124820436889,1,0.0,mars,risk_aware_astar,64,5,800,0.2,0.25,6,1.0,1.5,,0.0,0,10,2.0,0.6,moon,25.0,mars_high_uncertainty,ood
400034,energy_exhausted,False,0.0,12.717881015155145,0,5,800.573940407757,449.30034968021874,62.059742605775064,62.07974260577507,445,38.04163056034262,204,8,0.2674829039984015,351,150666,0.02475260728009565,0,3.1622776601683795,mars,risk_aware_astar,64,5,800,0.2,0.25,6,1.0,1.5,,0.0,0,10,2.0,0.6,moon,25.0,mars_high_uncertainty,ood
400035,energy_exhausted,False,0.0,8.869218248335546,0,5,424.37621301997683,27.918263375642578,16.87538368899922,16.89538368899922,29,28.142135623730955,0,4,0.30046255103794944,44,45195,0.025934607054346248,0,2.0,mars,risk_aware_astar,64,5,800,0.2,0.25,6,1.0,1.5,,0.0,0,10,2.0,0.6,moon,25.0,mars_high_uncertainty,ood
400036,timeout,False,2.708139130964118,12.205281884196726,1,5,1040.5858186165922,783.5476182960066,156.2951330127305,28.345748729233556,800,81.59797974644663,365,5,0.2522821847664167,472,66588,0.03260541080522583,0,0.0,mars,risk_aware_astar,64,5,800,0.2,0.25,6,1.0,1.5,,0.0,0,10,2.0,0.6,moon,25.0,mars_high_uncertainty,ood
400037,timeout,False,2.16551695870698,10.849583089372857,1,5,1050.5154021395456,691.5609064193627,54.378837613147645,3.556246676644027,800,81.15432893255064,368,4,0.26485980071950715,494,141437,0.0061538581633809875,0,0.0,mars,risk_aware_astar,64,5,800,0.2,0.25,6,1.0,1.5,,0.0,0,10,2.0,0.6,moon,25.0,mars_high_uncertainty,ood
400038,energy_exhausted,False,2.3560180656126475,12.89455164165896,1,5,441.03609975237765,28.976213833100754,1.2734474140564815,1.2934474140564816,33,31.48528137423857,0,3,0.3392389660311563,50,55764,0.12236706862644298,0,1.0,mars,risk_aware_astar,64,5,800,0.2,0.25,6,1.0,1.5,,0.0,0,10,2.0,0.6,moon,25.0,mars_high_uncertainty,ood
400039,success,True,1.7648669781534534,8.546839348498514,1,5,591.0955266419666,427.76957242733465,250.00737911869624,39.30193948867555,448,47.79898987322333,202,2,0.23635299746706534,276,94224,0.10486293164192562,0,0.0,mars,risk_aware_astar,64,5,800,0.2,0.25,6,1.0,1.5,,0.0,0,10,2.0,0.6,moon,25.0,mars_high_uncertainty,ood
400040,timeout,False,0.0,8.82589080977645,0,5,1014.8165275100519,825.8935667232258,224.41037254647577,78.40051893203122,800,8.0,396,6,0.2725767738882237,510,94650,0.01777453591639,0,0.0,mars,risk_aware_astar,64,5,800,0.2,0.25,6,1.0,1.5,,0.0,0,10,2.0,0.6,moon,25.0,mars_high_uncertainty,ood
400041,success,True,0.0,11.03122399243434,0,5,178.3737764394973,16.093142222283223,251.05269911611947,237.8128677435167,18,0.0,8,3,0.7592189414583758,59,55607,0.08416446676711609,0,0.0,mars,risk_aware_astar,64,5,800,0.2,0.25,6,1.0,1.5,,0.0,0,10,2.0,0.6,moon,25.0,mars_high_uncertainty,ood
400042,energy_exhausted,False,2.6825081225760576,11.069701112431636,1,5,366.70241299620903,47.268657393061986,93.89957773018669,93.91957773018669,42,44.970562748477136,0,1,0.2673832831008254,49,58689,0.0532569876129938,0,1.4142135623730951,mars,risk_aware_astar,64,5,800,0.2,0.25,6,1.0,1.5,,0.0,0,10,2.0,0.6,moon,25.0,mars_high_uncertainty,ood
400043,energy_exhausted,False,3.7546299169052224,10.627744261056389,2,5,621.0502368977029,208.82499881176415,1.1080952473898602,1.1280952473898602,196,82.49747468305827,63,2,0.2328135139427487,136,68482,0.018014247924562077,0,9.219544457292887,mars,risk_aware_astar,64,5,800,0.2,0.25,6,1.0,1.5,,0.0,0,10,2.0,0.6,moon,25.0,mars_high_uncertainty,ood
400044,energy_exhausted,False,2.901195846735302,8.878812952777938,1,5,432.8295080636918,33.166463451470804,13.670288721112424,13.690288721112424,37,39.384776310850235,0,2,0.32481818853607775,56,59849,0.07465253393093518,0,9.0,mars,risk_aware_astar,64,5,800,0.2,0.25,6,1.0,1.5,,0.0,0,10,2.0,0.6,moon,25.0,mars_high_uncertainty,ood
400045,energy_exhausted,False,2.571866994183246,12.070486997534495,1,5,475.58917748869385,117.91118356312788,55.65533940776546,55.67533940776546,131,59.94112549695425,39,2,0.2244004422301639,110,54079,0.025915234319755287,0,13.341664064126334,mars,risk_aware_astar,64,5,800,0.2,0.25,6,1.0,1.5,,0.0,0,10,2.0,0.6,moon,25.0,mars_high_uncertainty,ood
400046,energy_exhausted,False,1.0759328114998117,9.241608205169689,1,5,383.8290604617698,37.39033653687548,66.89460940843938,66.91460940843938,33,35.62741699796952,0,3,0.3254575470276747,52,56244,0.008130443638754592,0,2.23606797749979,mars,risk_aware_astar,64,5,800,0.2,0.25,6,1.0,1.5,,0.0,0,10,2.0,0.6,moon,25.0,mars_high_uncertainty,ood
400047,energy_exhausted,False,2.4042854402223,9.665149970503345,1,5,489.44230917059025,110.30260835979058,34.193632522533726,34.21363252253373,96,42.28427124746189,30,2,0.2613043582901518,92,71972,0.1471020121147243,0,6.0,mars,risk_aware_astar,64,5,800,0.2,0.25,6,1.0,1.5,,0.0,0,10,2.0,0.6,moon,25.0,mars_high_uncertainty,ood
400048,energy_exhausted,False,1.8113072495381968,8.369900996280546,1,5,316.4534172071655,20.379672429998887,117.25958855616688,117.27958855616687,21,25.213203435596434,0,1,0.36319210085698467,31,39612,0.021001770937929765,0,18.601075237738275,mars,risk_aware_astar,64,5,800,0.2,0.25,6,1.0,1.5,,0.0,0,10,2.0,0.6,moon,25.0,mars_high_uncertainty,ood
400049,immobilized,False,2.4809861891598297,10.408582726408738,1,5,283.5101969697558,48.04638879422812,177.86952515780558,163.32199307681594,51,36.72792206135785,9,5,0.3108882339432678,55,57160,0.032573262733981534,0,0.0,mars,risk_aware_astar,64,5,800,0.2,0.25,6,1.0,1.5,,0.0,0,10,2.0,0.6,moon,25.0,mars_high_uncertainty,ood
400050,energy_exhausted,False,0.0,9.016487812813203,0,5,344.1883289015437,34.68329693858821,103.82830137037789,103.84830137037788,32,35.38477631085024,0,1,0.3029073858051678,42,38826,0.012329859457466896,0,9.219544457292887,mars,risk_aware_astar,64,5,800,0.2,0.25,6,1.0,1.5,,0.0,0,10,2.0,0.6,moon,25.0,mars_high_uncertainty,ood
400051,energy_exhausted,False,3.1070853831693976,9.000460904000539,2,5,1107.3255687384435,695.730297064846,1.738061659735295,1.758061659735295,734,115.56854249492372,317,4,0.29698418186924724,449,169296,0.020246028844630004,0,3.0,mars,risk_aware_astar,64,5,800,0.2,0.25,6,1.0,1.5,,0.0,0,10,2.0,0.6,moon,25.0,mars_high_uncertainty,ood
400052,energy_exhausted,False,2.166134105914906,10.4968674484105,1,5,700.4340891026769,290.68916740995536,3.5884116406039817,3.6084116406039817,284,72.79898987322332,106,4,0.1845609157782789,185,70419,0.019013089782770942,0,4.123105625617661,mars,risk_aware_astar,64,5,800,0.2,0.25,6,1.0,1.5,,0.0,0,10,2.0,0.6,moon,25.0,mars_high_uncertainty,ood
400053,immobilized,False,2.8428104718997353,8.94485504185127,1,5,325.3644990626135,116.99795762993438,204.96679190065075,116.07879286999884,113,23.656854249492383,45,17,0.5834527386300049,75,44705,0.011895990997604411,0,0.0,mars,risk_aware_astar,64,5,800,0.2,0.25,6,1.0,1.5,,0.0,0,10,2.0,0.6,moon,25.0,mars_high_uncertainty,ood
400004,success,True,0.0,10.342360460905567,0,5,361.26344699618187,199.84980228581085,251.919688622957,79.51616344006622,170,17.071067811865476,76,16,0.6324907645648985,120,37590,0.03658261299487753,1,0.0,mars,adaptive_risk_aware_astar,64,5,800,0.2,0.25,6,1.0,1.0,,0.0,0,10,2.0,0.6,moon,25.0,mars_ood,ood
400005,energy_exhausted,False,1.7572859911266732,9.623904321875369,1,5,390.3122588780024,31.617387616601526,54.63846207193268,54.65846207193268,30,32.798989873223334,0,2,0.2927647429449175,50,65760,0.021884863840291313,0,17.46424919657298,mars,adaptive_risk_aware_astar,64,5,800,0.2,0.25,6,1.0,1.0,,0.0,0,10,2.0,0.6,moon,25.0,mars_ood,ood
400006,energy_exhausted,False,2.660266403645624,9.130953200747532,1,5,383.2623625942644,36.63725539461054,66.70822613367945,66.72822613367944,34,37.798989873223334,0,1,0.33716998334459924,38,41604,0.03984404356464488,0,6.324555320336759,mars,adaptive_risk_aware_astar,64,5,800,0.2,0.25,6,1.0,1.0,,0.0,0,10,2.0,0.6,moon,25.0,mars_ood,ood
400007,energy_exhausted,False,0.0,10.037456096628219,0,5,359.3126118695271,32.196144116032215,86.21686557983865,86.23686557983865,31,33.213203435596434,0,2,0.28654835143140156,44,42168,0.023707458656310743,1,1.4142135623730951,mars,adaptive_risk_aware_astar,64,5,800,0.2,0.25,6,1.0,1.0,,0.0,0,10,2.0,0.6,moon,25.0,mars_ood,ood
400008,energy_exhausted,False,2.2481687817824647,8.885444925719812,1,5,433.3183925721266,39.4629441246191,19.47788488582612,19.49788488582612,40,40.72792206135786,0,2,0.29533982068361303,52,43135,0.1435692664730891,0,4.47213595499958,mars,adaptive_risk_aware_astar,64,5,800,0.2,0.25,6,1.0,1.0,,0.0,0,10,2.0,0.6,moon,25.0,mars_ood,ood
400009,energy_exhausted,False,0.0,10.375277040139736,0,5,433.76543398812896,24.367866620274665,3.9357659654792725,3.9557659654792725,27,27.970562748477146,0,3,0.3382010028504192,34,23228,0.023285875900701858,0,5.385164807134504,mars,adaptive_risk_aware_astar,64,5,800,0.2,0.25,6,1.0,1.0,,0.0,0,10,2.0,0.6,moon,25.0,mars_ood,ood
400010,energy_exhausted,False,1.8158144339910596,10.41206692211277,1,5,446.5772381732705,36.056456134558765,2.812551294621949,2.832551294621949,37,38.970562748477136,0,2,0.2859235522416148,55,70602,0.11383222413179828,0,21.95449840010015,mars,adaptive_risk_aware_astar,64,5,800,0.2,0.25,6,1.0,1.0,,0.0,0,10,2.0,0.6,moon,25.0,mars_ood,ood
400011,energy_exhausted,False,0.0,9.044600831464807,0,5,449.6753171965415,45.81805976181171,9.476075898603867,9.496075898603866,45,46.87005768508879,0,2,0.28690215490511123,65,69977,0.048443852693668465,3,3.1622776601683795,mars,adaptive_risk_aware_astar,64,5,800,0.2,0.25,6,1.0,1.0,,0.0,0,10,2.0,0.6,moon,25.0,mars_ood,ood
400012,immobilized,False,2.065511083809088,9.399408209832723,1,5,254.51643570834617,57.07217798832334,215.889075613311,186.45035781596434,53,26.485281374238575,15,9,0.5102466142725743,45,24971,0.007230991010835464,0,0.0,mars,adaptive_risk_aware_astar,64,5,800,0.2,0.25,6,1.0,1.0,,0.0,0,10,2.0,0.6,moon,25.0,mars_ood,ood
400013,energy_exhausted,False,0.0,11.422294659534387,0,5,414.5198492552306,32.462939206538415,31.2764232846413,31.2964232846413,29,26.48528137423857,0,4,0.36192581909628846,53,65246,0.1335362409770402,0,11.40175425099138,mars,adaptive_risk_aware_astar,64,5,800,0.2,0.25,6,1.0,1.0,,0.0,0,10,2.0,0.6,moon,25.0,mars_ood,ood
400014,energy_exhausted,False,2.4472873995289284,10.17582267325629,1,5,375.8181840443714,22.614677017603917,60.12982630656624,60.14982630656624,23,23.313708498984763,0,2,0.35994548116068903,31,39750,0.022129192402184028,0,20.248456731316587,mars,adaptive_risk_aware_astar,64,5,800,0.2,0.25,6,1.0,1.0,,0.0,0,10,2.0,0.6,moon,25.0,mars_ood,ood
400015,energy_exhausted,False,2.6878019553130885,12.083069141602065,1,5,357.68732489385127,21.56900497436357,77.21501341384563,77.23501341384562,25,29.62741699796953,0,0,0.40845751769367306,40,51844,0.022255016536466887,1,8.06225774829855,mars,adaptive_risk_aware_astar,64,5,800,0.2,0.25,6,1.0,1.0,,0.0,0,10,2.0,0.6,moon,25.0,mars_ood,ood
400016,success,True,0.0,12.058914380674398,0,5,156.6620451572333,12.242490013931336,268.91377819003185,267.172374249289,14,10.82842712474619,1,1,0.30236935428350614,44,65749,0.028341571960378564,0,0.0,mars,adaptive_risk_aware_astar,64,5,800,0.2,0.25,6,1.0,1.0,,0.0,0,10,2.0,0.6,moon,25.0,mars_ood,ood
400017,energy_exhausted,False,2.015181804021767,10.377593705823667,1,5,401.79722938919826,40.134142129857885,51.670246073993226,51.69024607399323,38,41.62741699796952,0,2,0.28969240508859795,47,49784,0.03661195154486707,0,9.848857801796104,mars,adaptive_risk_aware_astar,64,5,800,0.2,0.25,6,1.0,1.0,,0.0,0,10,2.0,0.6,moon,25.0,mars_ood,ood
400018,success,True,1.494875937372436,9.300711949766486,1,5,306.84689569207416,145.19338741969048,251.67982506094637,196.3949635543397,126,39.798989873223334,45,1,0.22749249527749887,127,71722,0.13752887843840755,1,0.0,mars,adaptive_risk_aware_astar,64,5,800,0.2,0.25,6,1.0,1.0,,0.0,0,10,2.0,0.6,moon,25.0,mars_ood,ood
400019,timeout,False,6.74384711050638,10.403107865331462,3,5,1038.7432555298574,828.7357084631802,203.3257862666332,46.22431904496821,800,140.71067811865476,340,4,0.22805416050759733,461,94860,0.1909956925182822,0,0.0,mars,adaptive_risk_aware_astar,64,5,800,0.2,0.25,6,1.0,1.0,,0.0,0,10,2.0,0.6,moon,25.0,mars_ood,ood
400020,success,True,0.0,7.490868008358168,0,5,219.0918688374557,57.366687324155286,251.60815182003287,201.62397579783072,54,2.0,25,9,0.7307068020003779,77,43295,0.10512728496878776,0,0.0,mars,adaptive_risk_aware_astar,64,5,800,0.2,0.25,6,1.0,1.0,,0.0,0,10,2.0,0.6,moon,25.0,mars_ood,ood
400021,energy_exhausted,False,1.1838366797759214,8.656699591862557,1,5,475.1764337642029,63.38905434135761,1.5459539104879905,1.5659539104879905,58,63.59797974644663,0,2,0.2941808584670954,83,81518,0.03559965647927599,3,2.0,mars,adaptive_risk_aware_astar,64,5,800,0.2,0.25,6,1.0,1.0,,0.0,0,10,2.0,0.6,moon,25.0,mars_ood,ood
400022,energy_exhausted,False,0.0,10.050554038465963,0,5,444.6001910228058,33.898478550440565,2.6316208609680207,2.6516208609680207,30,31.798989873223338,0,3,0.38271543048977186,43,37506,0.03023785365053966,0,6.0,mars,adaptive_risk_aware_astar,64,5,800,0.2,0.25,6,1.0,1.0,,0.0,0,10,2.0,0.6,moon,25.0,mars_ood,ood
400023,success,True,0.0,9.312488982340422,0,5,313.80809117405914,150.47434688292975,249.9995890421978,138.51481237159882,146,33.798989873223334,58,2,0.270490386450672,122,55304,0.030099644191525,0,0.0,mars,adaptive_risk_aware_astar,64,5,800,0.2,0.25,6,1.0,1.0,,0.0,0,10,2.0,0.6,moon,25.0,mars_ood,ood
400024,success,True,2.5541636147658195,8.945433533721532,1,5,300.0861532239905,137.63300429287335,250.88018440221268,148.9900093207185,148,37.35533905932738,60,1,0.2781062728219975,117,64301,0.017296188611648833,0,0.0,mars,adaptive_risk_aware_astar,64,5,800,0.2,0.25,6,1.0,1.0,,0.0,0,10,2.0,0.6,moon,25.0,mars_ood,ood
400025,success,True,1.187697045456624,6.504449313092817,1,5,548.5580015356983,383.3269261793413,248.10225797696683,28.525372366422715,356,43.556349186104036,157,2,0.19330288411199958,230,91261,0.059188248467085924,0,0.0,mars,adaptive_risk_aware_astar,64,5,800,0.2,0.25,6,1.0,1.0,,0.0,0,10,2.0,0.6,moon,25.0,mars_ood,ood
400026,energy_exhausted,False,2.908728450954972,12.919125223882055,1,5,448.17052231085955,39.12422368202931,4.287034704503272,4.3070347045032715,34,35.55634918610404,0,2,0.3067652697341994,29,21247,0.034815163559540396,0,2.8284271247461903,mars,adaptive_risk_aware_astar,64,5,800,0.2,0.25,6,1.0,1.0,,0.0,0,10,2.0,0.6,moon,25.0,mars_ood,ood
400027,energy_exhausted,False,0.0,10.052784418734847,0,5,863.8797548049371,454.40873040829706,3.862308936675476,3.882308936675476,451,100.56854249492373,182,3,0.2187141262404322,309,131067,0.03769073416076951,1,4.47213595499958,mars,adaptive_risk_aware_astar,64,5,800,0.2,0.25,6,1.0,1.0,,0.0,0,10,2.0,0.6,moon,25.0,mars_ood,ood
400028,success,True,2.85670826955898,11.175818835571611,1,5,714.990298354257,552.2157814667682,250.55881644583854,4.233738362721017,514,52.627416997969505,232,3,0.2433090266283024,323,86427,0.1403622859645023,1,0.0,mars,adaptive_risk_aware_astar,64,5,800,0.2,0.25,6,1.0,1.0,,0.0,0,10,2.0,0.6,moon,25.0,mars_ood,ood
400029,energy_exhausted,False,1.9269961299693577,7.772974148827593,1,5,808.7017537624041,425.3494007542924,29.9809803252091,2.0364687216271777,476,60.76955262170044,211,4,0.28432801733267354,288,51601,0.041112117616800115,0,3.1622776601683795,mars,adaptive_risk_aware_astar,64,5,800,0.2,0.25,6,1.0,1.0,,0.0,0,10,2.0,0.6,moon,25.0,mars_ood,ood
400030,immobilized,False,0.0,9.716785046362691,0,5,262.04084803303897,65.77760400284552,217.07008930313722,165.15454192054142,65,11.656854249492381,27,13,0.6294558348039767,49,22994,0.03329601281145733,0,0.0,mars,adaptive_risk_aware_astar,64,5,800,0.2,0.25,6,1.0,1.0,,0.0,0,10,2.0,0.6,moon,25.0,mars_ood,ood
400031,immobilized,False,2.6760108965509426,12.854598146362186,1,5,367.64736433174403,31.88911429490734,77.57508329649704,77.57508329649704,30,31.798989873223338,0,4,0.30008385063047716,42,33368,0.03459527537522977,0,2.0,mars,adaptive_risk_aware_astar,64,5,800,0.2,0.25,6,1.0,1.0,,0.0,0,10,2.0,0.6,moon,25.0,mars_ood,ood
400032,success,True,1.8030315845002927,10.281575833388214,1,5,446.83684781935335,284.5067944192833,251.00327993325502,38.215014524960424,290,39.45584412271571,128,1,0.2362546082346049,187,54960,0.028467511543476265,0,0.0,mars,adaptive_risk_aware_astar,64,5,800,0.2,0.25,6,1.0,1.0,,0.0,0,10,2.0,0.6,moon,25.0,mars_ood,ood
400033,success,True,1.236935143682114,8.442189452281752,1,5,407.293934590927,245.40973650206976,251.44913524446693,138.01944784084503,258,35.798989873223334,113,2,0.2783848514876673,176,50029,0.03028831683247779,0,0.0,mars,adaptive_risk_aware_astar,64,5,800,0.2,0.25,6,1.0,1.0,,0.0,0,10,2.0,0.6,moon,25.0,mars_ood,ood
400034,success,True,0.0,12.717881015155145,0,5,204.0719407734844,42.43831400754121,251.6997065673899,229.00050022361037,42,17.071067811865476,12,2,0.3078554404677767,74,69500,0.03616730221046671,0,0.0,mars,adaptive_risk_aware_astar,64,5,800,0.2,0.25,6,1.0,1.0,,0.0,0,10,2.0,0.6,moon,25.0,mars_ood,ood
400035,energy_exhausted,False,0.0,8.869218248335546,0,5,396.0866963836766,28.07054652654942,45.31718347620632,45.33718347620632,29,29.55634918610405,0,3,0.27274355525917626,34,35201,0.041273786090176845,0,1.4142135623730951,mars,adaptive_risk_aware_astar,64,5,800,0.2,0.25,6,1.0,1.0,,0.0,0,10,2.0,0.6,moon,25.0,mars_ood,ood
400036,timeout,False,5.172389931770752,12.205281884196726,2,5,975.3691973454465,785.4461562153713,223.4102922032425,12.67630561937197,800,96.66904755831209,358,4,0.2526079844417185,475,83615,0.10655809584611209,0,0.0,mars,adaptive_risk_aware_astar,64,5,800,0.2,0.25,6,1.0,1.0,,0.0,0,10,2.0,0.6,moon,25.0,mars_ood,ood
400037,energy_exhausted,False,0.0,10.849583089372857,0,5,404.0855327568337,19.487056207755376,28.73485678425525,28.75485678425525,23,23.313708498984763,0,2,0.3899357334945316,42,48127,0.13082222693765067,0,11.661903789690601,mars,adaptive_risk_aware_astar,64,5,800,0.2,0.25,6,1.0,1.0,,0.0,0,10,2.0,0.6,moon,25.0,mars_ood,ood
400038,timeout,False,2.3560180656126475,12.89455164165896,1,5,997.0778594313407,766.2002315580304,182.45570546001397,9.83521981006268,800,82.4264068711928,366,3,0.20197881649983357,464,111898,0.023056015453838397,0,0.0,mars,adaptive_risk_aware_astar,64,5,800,0.2,0.25,6,1.0,1.0,,0.0,0,10,2.0,0.6,moon,25.0,mars_ood,ood
400039,success,True,1.7648669781534534,8.546839348498514,1,5,617.399919840538,454.1986757917466,250.13208928453847,47.64306540197443,476,58.62741699796951,211,1,0.24708048238931662,277,82807,0.040167252971328504,0,0.0,mars,adaptive_risk_aware_astar,64,5,800,0.2,0.25,6,1.0,1.0,,0.0,0,10,2.0,0.6,moon,25.0,mars_ood,ood
400040,timeout,False,0.0,8.82589080977645,0,5,993.0224567869669,825.8935667232258,246.20444326956044,78.94253797904453,800,8.0,396,6,0.27343735932060753,510,89874,0.01777451955542908,0,0.0,mars,adaptive_risk_aware_astar,64,5,800,0.2,0.25,6,1.0,1.0,,0.0,0,10,2.0,0.6,moon,25.0,mars_ood,ood
400041,success,True,0.0,11.03122399243434,0,5,74.69402967713008,2.83996627452057,341.47926993072383,339.7259590810434,4,0.0,1,1,0.7097165408107764,32,35016,0.032792229574025944,0,0.0,mars,adaptive_risk_aware_astar,64,5,800,0.2,0.25,6,1.0,1.0,,0.0,0,10,2.0,0.6,moon,25.0,mars_ood,ood
400042,immobilized,False,2.6825081225760576,11.069701112431636,1,5,358.01729672859415,103.07407490586128,158.39011151059933,105.5756170538651,91,44.142135623730944,25,9,0.4568240700097113,67,45857,0.02184881100663405,0,0.0,mars,adaptive_risk_aware_astar,64,5,800,0.2,0.25,6,1.0,1.0,,0.0,0,10,2.0,0.6,moon,25.0,mars_ood,ood
400043,timeout,False,5.680523075832117,10.627744261056389,2,5,1112.0768309468656,855.0843021689753,156.34080455542318,79.5519164570091,800,155.5807358037436,336,4,0.24315875679673377,476,125660,0.026318442225711336,0,0.0,mars,adaptive_risk_aware_astar,64,5,800,0.2,0.25,6,1.0,1.0,,0.0,0,10,2.0,0.6,moon,25.0,mars_ood,ood
400044,success,True,0.0,8.878812952777938,0,5,217.34593937081505,54.354684825168384,250.34207878768723,225.35625513346514,58,36.04163056034262,14,1,0.24211222622637532,68,56714,0.0240684554607955,0,0.0,mars,adaptive_risk_aware_astar,64,5,800,0.2,0.25,6,1.0,1.0,,0.0,0,10,2.0,0.6,moon,25.0,mars_ood,ood
400045,success,True,4.3826730168011645,12.070486997534495,2,5,741.4008298258304,577.9773960915231,249.9098995990152,53.4074684319433,648,120.811183182043,272,0,0.23403233343068977,389,80885,0.00922903100875605,0,0.0,mars,adaptive_risk_aware_astar,64,5,800,0.2,0.25,6,1.0,1.0,,0.0,0,10,2.0,0.6,moon,25.0,mars_ood,ood
400046,immobilized,False,1.0759328114998117,9.241608205169689,1,5,344.19559942269643,132.80762550551773,201.94535941615277,111.69166543404283,121,38.04163056034261,45,16,0.5646322876995584,95,56555,0.009466756105320773,0,0.0,mars,adaptive_risk_aware_astar,64,5,800,0.2,0.25,6,1.0,1.0,,0.0,0,10,2.0,0.6,moon,25.0,mars_ood,ood
400047,success,True,0.0,9.665149970503345,0,5,1019.3629088745328,856.4057039928593,250.37612845164372,19.509864917885146,728,99.254833995939,319,5,0.22606362023110785,502,204577,0.06558256948983143,0,0.0,mars,adaptive_risk_aware_astar,64,5,800,0.2,0.25,6,1.0,1.0,,0.0,0,10,2.0,0.6,moon,25.0,mars_ood,ood
400048,energy_exhausted,False,1.8113072495381968,8.369900996280546,1,5,436.4419442769355,24.4282851406387,1.3196741970365744,1.3396741970365744,25,29.041630560342625,0,2,0.38593472269925844,32,40022,0.022843341459682254,0,17.0,mars,adaptive_risk_aware_astar,64,5,800,0.2,0.25,6,1.0,1.0,,0.0,0,10,2.0,0.6,moon,25.0,mars_ood,ood
400049,immobilized,False,2.4809861891598297,10.408582726408738,1,5,251.93671469981538,48.07389311591934,209.47051174943795,195.74106979085946,51,37.31370849898475,8,5,0.31862840514632146,54,58527,0.03363708164119539,0,0.0,mars,adaptive_risk_aware_astar,64,5,800,0.2,0.25,6,1.0,1.0,,0.0,0,10,2.0,0.6,moon,25.0,mars_ood,ood
400050,immobilized,False,2.544867230415451,9.016487812813203,1,5,411.74335165083494,106.53432136262765,108.12430304512458,51.757137120846885,99,50.28427124746189,29,9,0.4843086516915873,70,40068,0.09725081660639423,0,0.0,mars,adaptive_risk_aware_astar,64,5,800,0.2,0.25,6,1.0,1.0,,0.0,0,10,2.0,0.6,moon,25.0,mars_ood,ood
400051,timeout,False,1.9844359736195682,9.000460904000539,1,5,918.5118637546633,752.6997659498635,247.52123552853502,54.77612070079284,800,83.0121933088197,365,4,0.3033448936191368,470,132623,0.029890788223026377,0,0.0,mars,adaptive_risk_aware_astar,64,5,800,0.2,0.25,6,1.0,1.0,,0.0,0,10,2.0,0.6,moon,25.0,mars_ood,ood
400052,energy_exhausted,False,1.3025252648500094,10.4968674484105,1,5,482.4724070392677,71.50264647217081,2.363572766237034,2.383572766237034,70,71.55634918610403,0,2,0.2080183960759331,81,74699,0.020441221484860495,0,4.0,mars,adaptive_risk_aware_astar,64,5,800,0.2,0.25,6,1.0,1.0,,0.0,0,10,2.0,0.6,moon,25.0,mars_ood,ood
400053,success,True,2.8428104718997353,8.94485504185127,1,5,302.87517272495745,140.0956136177269,250.55377422609823,139.95759765462066,136,24.485281374238575,56,17,0.6149238548825142,103,74102,0.029454042724854634,0,0.0,mars,adaptive_risk_aware_astar,64,5,800,0.2,0.25,6,1.0,1.0,,0.0,0,10,2.0,0.6,moon,25.0,mars_ood,ood
400004,success,True,0.0,10.342360460905567,0,5,331.83149722172095,169.5084052200188,251.01024133162647,104.73711798562081,144,13.65685424949238,65,13,0.6431448856863009,109,4403,0.036886533829757706,1,0.0,mars,astar,64,5,800,0.2,0.25,6,1.0,1.0,,0.0,0,10,2.0,0.6,moon,25.0,mars_ood,ood
400005,success,True,0.0,9.623904321875369,0,5,273.17917286721496,110.95115976351723,251.10532022963164,171.63036120323585,110,24.48528137423857,43,2,0.2536376036949075,97,8182,0.03616564488777052,0,0.0,mars,astar,64,5,800,0.2,0.25,6,1.0,1.0,,0.0,0,10,2.0,0.6,moon,25.0,mars_ood,ood
400006,success,True,2.660266403645624,9.130953200747532,1,5,368.5555342557694,206.64466231215383,251.42246138971134,79.98053105981805,210,22.48528137423857,94,2,0.3028683757100077,152,5985,0.0039531585761913846,0,0.0,mars,astar,64,5,800,0.2,0.25,6,1.0,1.0,,0.0,0,10,2.0,0.6,moon,25.0,mars_ood,ood
400007,energy_exhausted,False,0.0,10.037456096628219,0,5,381.61383697728513,32.933093960475986,64.65259031652428,64.67259031652428,32,38.2842712474619,0,1,0.3544857561678921,33,2769,0.024190448159444267,0,1.4142135623730951,mars,astar,64,5,800,0.2,0.25,6,1.0,1.0,,0.0,0,10,2.0,0.6,moon,25.0,mars_ood,ood
400008,energy_exhausted,False,0.0,8.885444925719812,0,5,418.00563013468434,18.324065935470323,13.651769134119524,13.671769134119524,20,19.071067811865476,0,2,0.4651247073607485,41,4442,0.02320688024300166,0,17.72004514666935,mars,astar,64,5,800,0.2,0.25,6,1.0,1.0,,0.0,0,10,2.0,0.6,moon,25.0,mars_ood,ood
400009,energy_exhausted,False,1.853705666136612,10.375277040139736,1,5,345.18709492432,24.187632821851082,92.33387123086489,92.35387123086488,26,29.213203435596434,0,1,0.35288726800249015,39,3112,0.04069784668687282,1,5.656854249492381,mars,astar,64,5,800,0.2,0.25,6,1.0,1.0,,0.0,0,10,2.0,0.6,moon,25.0,mars_ood,ood
400010,success,True,1.8158144339910596,10.41206692211277,1,5,332.97411726975696,170.57002675716095,250.92924282073278,138.6878499181891,146,60.52691193458115,47,0,0.1844502795991186,123,9915,0.03175998256682311,1,0.0,mars,astar,64,5,800,0.2,0.25,6,1.0,1.0,,0.0,0,10,2.0,0.6,moon,25.0,mars_ood,ood
400011,energy_exhausted,False,0.0,9.044600831464807,0,5,345.9985528290986,16.08609125638868,83.42087176062378,83.44087176062378,16,14.485281374238571,0,2,0.5265718060123732,32,3455,0.022627937483027383,1,2.8284271247461903,mars,astar,64,5,800,0.2,0.25,6,1.0,1.0,,0.0,0,10,2.0,0.6,moon,25.0,mars_ood,ood
400012,energy_exhausted,False,2.065511083809088,9.399408209832723,1,5,426.6941356747027,28.870149414285738,15.509347072916594,15.529347072916593,28,24.65685424949238,0,4,0.3885680166665446,43,2979,0.006083841321562811,0,1.0,mars,astar,64,5,800,0.2,0.25,6,1.0,1.0,,0.0,0,10,2.0,0.6,moon,25.0,mars_ood,ood
400013,timeout,False,0.0,11.422294659534387,0,5,1128.8599398373558,913.7202597908185,198.1936532867888,17.413098102150446,800,44.62741699796952,380,8,0.2172428086993562,547,17295,0.15151356227220536,0,0.0,mars,astar,64,5,800,0.2,0.25,6,1.0,1.0,,0.0,0,10,2.0,0.6,moon,25.0,mars_ood,ood
400014,energy_exhausted,False,2.4472873995289284,10.17582267325629,1,5,389.4377556042726,22.6651297657645,46.56070749482544,46.58070749482544,23,23.313708498984763,0,2,0.36987490870790596,31,4158,0.02385746571367786,0,19.697715603592208,mars,astar,64,5,800,0.2,0.25,6,1.0,1.0,,0.0,0,10,2.0,0.6,moon,25.0,mars_ood,ood
400015,energy_exhausted,False,0.0,12.083069141602065,0,5,416.45476998943127,9.892172758857058,6.770736102759115,6.790736102759115,13,11.899494936611667,0,2,0.520594718262079,42,5899,0.0258203560659912,1,10.0,mars,astar,64,5,800,0.2,0.25,6,1.0,1.0,,0.0,0,10,2.0,0.6,moon,25.0,mars_ood,ood
400016,success,True,0.0,12.058914380674398,0,5,136.88235586796122,10.490843772166635,286.941821237539,285.20041729679616,12,8.0,1,1,0.2949045120091138,43,6186,0.02925772622775047,0,0.0,mars,astar,64,5,800,0.2,0.25,6,1.0,1.0,,0.0,0,10,2.0,0.6,moon,25.0,mars_ood,ood
400017,energy_exhausted,False,0.0,10.377593705823667,0,5,372.6468203046265,25.149697748286165,65.83621077699306,65.85621077699305,24,22.485281374238575,0,3,0.37541606003370104,43,5270,0.036130545420617555,0,2.0,mars,astar,64,5,800,0.2,0.25,6,1.0,1.0,,0.0,0,10,2.0,0.6,moon,25.0,mars_ood,ood
400018,energy_exhausted,False,1.494875937372436,9.300711949766486,1,5,1014.5527404959199,617.9666623412007,16.747255178600447,16.767255178600447,536,103.81118318204304,222,7,0.22611170851375148,400,16151,0.02847691775398331,1,6.082762530298219,mars,astar,64,5,800,0.2,0.25,6,1.0,1.0,,0.0,0,10,2.0,0.6,moon,25.0,mars_ood,ood
400019,success,True,2.4782920855920345,10.403107865331462,1,5,296.316201918984,134.80233768762008,251.81946910196643,158.14020914370693,130,33.65685424949238,48,1,0.246148596782366,106,4923,0.0047519187722087075,0,0.0,mars,astar,64,5,800,0.2,0.25,6,1.0,1.0,,0.0,0,10,2.0,0.6,moon,25.0,mars_ood,ood
400020,immobilized,False,1.6689129305107204,7.490868008358168,1,5,292.91682267000795,80.71991414571082,201.1364248090337,140.91915163944336,75,20.384776310850242,30,12,0.5881974408418826,59,2480,0.015970888566868124,0,0.0,mars,astar,64,5,800,0.2,0.25,6,1.0,1.0,,0.0,0,10,2.0,0.6,moon,25.0,mars_ood,ood
400021,energy_exhausted,False,0.0,8.656699591862557,0,5,399.2843587894538,32.39298387205171,46.4419584159315,46.461958415931505,31,33.213203435596434,0,1,0.3759226281974251,44,3149,0.023724383226345958,2,5.656854249492381,mars,astar,64,5,800,0.2,0.25,6,1.0,1.0,,0.0,0,10,2.0,0.6,moon,25.0,mars_ood,ood
400022,success,True,1.274123461933285,10.050554038465963,1,5,561.4308803406042,398.7772643046993,250.67971729742038,78.23335773663366,358,56.627416997969505,153,2,0.2163262255343786,243,10850,0.0273488039517068,0,0.0,mars,astar,64,5,800,0.2,0.25,6,1.0,1.0,,0.0,0,10,2.0,0.6,moon,25.0,mars_ood,ood
400023,success,True,0.0,9.312488982340422,0,5,173.76589402850223,15.499651102804295,255.06709040763565,253.14718124814698,16,14.485281374238573,1,1,0.275241334839636,53,5271,0.10241591413897488,0,0.0,mars,astar,64,5,800,0.2,0.25,6,1.0,1.0,,0.0,0,10,2.0,0.6,moon,25.0,mars_ood,ood
400024,success,True,0.0,8.945433533721532,0,5,283.27047348600655,120.5941004438988,250.65696029122205,146.1566127286818,132,9.656854249492381,61,1,0.31698636970755745,103,4848,0.025242209632183932,0,0.0,mars,astar,64,5,800,0.2,0.25,6,1.0,1.0,,0.0,0,10,2.0,0.6,moon,25.0,mars_ood,ood
400025,success,True,1.187697045456624,6.504449313092817,1,5,645.4253814482713,483.5049442530088,251.41289613806148,7.315439316729998,448,37.31370849898476,206,3,0.18815107444082113,273,6135,0.03977954203072098,0,0.0,mars,astar,64,5,800,0.2,0.25,6,1.0,1.0,,0.0,0,10,2.0,0.6,moon,25.0,mars_ood,ood
400026,success,True,2.908728450954972,12.919125223882055,1,5,391.1993685599423,228.32243401783748,250.45639879122268,73.85402078161363,216,39.798989873223334,90,1,0.2753483256323683,136,4042,0.035995966372011634,0,0.0,mars,astar,64,5,800,0.2,0.25,6,1.0,1.0,,0.0,0,10,2.0,0.6,moon,25.0,mars_ood,ood
400027,success,True,0.0,10.052784418734847,0,5,390.9366863390662,229.1900866712096,251.5867336654695,97.80630660159586,230,28.242640687119287,100,2,0.21227079160427592,184,10629,0.14385413017457527,1,0.0,mars,astar,64,5,800,0.2,0.25,6,1.0,1.0,,0.0,0,10,2.0,0.6,moon,25.0,mars_ood,ood
400028,energy_exhausted,False,0.0,11.175818835571611,0,5,410.7050994170121,18.086584829455933,20.714818745777453,20.734818745777453,20,16.414213562373096,0,3,0.4390511487617488,33,3689,0.02029238052706339,0,6.082762530298219,mars,astar,64,5,800,0.2,0.25,6,1.0,1.0,,0.0,0,10,2.0,0.6,moon,25.0,mars_ood,ood
400029,energy_exhausted,False,1.9269961299693577,7.772974148827593,1,5,420.7580210762942,24.675151870412,17.250464127451142,17.27046412745114,26,26.970562748477146,0,3,0.36063073644653554,41,3120,0.021949909000914092,0,10.0,mars,astar,64,5,800,0.2,0.25,6,1.0,1.0,,0.0,0,10,2.0,0.6,moon,25.0,mars_ood,ood
400030,immobilized,False,0.0,9.716785046362691,0,5,269.76143620128295,65.73985557320353,209.31175270525122,157.39620532265542,65,11.656854249492381,27,13,0.6314389231297692,49,2355,0.033790358183305225,0,0.0,mars,astar,64,5,800,0.2,0.25,6,1.0,1.0,,0.0,0,10,2.0,0.6,moon,25.0,mars_ood,ood
400031,energy_exhausted,False,2.674855726775574,12.854598146362186,1,5,363.32321894859615,29.348752672570978,79.35886705730822,79.37886705730821,29,28.485281374238575,0,2,0.4013101745567448,49,3564,0.02932046929395027,0,8.246211251235321,mars,astar,64,5,800,0.2,0.25,6,1.0,1.0,,0.0,0,10,2.0,0.6,moon,25.0,mars_ood,ood
400032,energy_exhausted,False,2.6622491917741566,10.281575833388214,1,5,422.55473463947635,24.694187381722852,15.47278607558028,15.49278607558028,27,27.313708498984763,0,2,0.33046574380288907,45,4946,0.062417023638580815,0,12.165525060596439,mars,astar,64,5,800,0.2,0.25,6,1.0,1.0,,0.0,0,10,2.0,0.6,moon,25.0,mars_ood,ood
400033,success,True,1.236935143682114,8.442189452281752,1,5,158.86432185571664,25.170908618478894,279.63992009609615,277.8726809243855,27,28.384776310850242,1,0,0.2588642616643704,46,4325,0.027854813776298615,1,0.0,mars,astar,64,5,800,0.2,0.25,6,1.0,1.0,,0.0,0,10,2.0,0.6,moon,25.0,mars_ood,ood
400034,success,True,0.0,12.717881015155145,0,5,460.2242315383324,297.2252293434557,250.3343311384448,146.10550580940523,294,27.65685424949238,133,4,0.26990870143675905,248,13044,0.03452245653000774,0,0.0,mars,astar,64,5,800,0.2,0.25,6,1.0,1.0,,0.0,0,10,2.0,0.6,moon,25.0,mars_ood,ood
400035,energy_exhausted,False,0.0,8.869218248335546,0,5,434.6413143566855,24.49817082639107,3.1901898030390945,3.2101898030390945,26,20.82842712474619,0,5,0.46044822210101904,54,5762,0.19347290715309984,0,10.198039027185569,mars,astar,64,5,800,0.2,0.25,6,1.0,1.0,,0.0,0,10,2.0,0.6,moon,25.0,mars_ood,ood
400036,success,True,5.172389931770752,12.205281884196726,2,5,303.78136736141187,140.99324336680445,250.54520933872152,152.3572117957313,144,41.21320343559642,54,1,0.24280742260035093,121,4295,0.0180008427036098,0,0.0,mars,astar,64,5,800,0.2,0.25,6,1.0,1.0,,0.0,0,10,2.0,0.6,moon,25.0,mars_ood,ood
400037,immobilized,False,0.0,10.849583089372857,0,5,273.4657351841189,7.718844881301444,147.58644303051608,147.58644303051608,9,7.242640687119285,0,3,0.4828445527631556,30,3436,0.02022533483955591,0,6.708203932499369,mars,astar,64,5,800,0.2,0.25,6,1.0,1.0,,0.0,0,10,2.0,0.6,moon,25.0,mars_ood,ood
400038,success,True,0.0,12.89455164165896,0,5,262.39251567265967,100.10096478146494,251.04178244213418,176.44480166637584,106,21.65685424949238,42,2,0.24572814377983246,105,6518,0.026607747874998533,0,0.0,mars,astar,64,5,800,0.2,0.25,6,1.0,1.0,,0.0,0,10,2.0,0.6,moon,25.0,mars_ood,ood
400039,success,True,0.0,8.546839348498514,0,5,255.2766216084703,92.3572910251317,250.41400274999577,174.30910438708477,98,10.828427124746192,43,2,0.2638472824540622,96,7120,0.03123571430872829,0,0.0,mars,astar,64,5,800,0.2,0.25,6,1.0,1.0,,0.0,0,10,2.0,0.6,moon,25.0,mars_ood,ood
400040,success,True,0.0,8.82589080977645,0,5,503.26756628913836,339.77051957984355,249.83628662402603,91.3401325464763,330,0.0,164,3,0.27595480606491674,235,7087,0.12850788012082548,0,0.0,mars,astar,64,5,800,0.2,0.25,6,1.0,1.0,,0.0,0,10,2.0,0.6,moon,25.0,mars_ood,ood
400041,success,True,0.0,11.03122399243434,0,5,219.46363899211775,56.143244089245016,250.01293843046145,211.9467551623335,60,16.48528137423857,22,8,0.5214150073442709,84,6459,0.04489305137104527,0,0.0,mars,astar,64,5,800,0.2,0.25,6,1.0,1.0,,0.0,0,10,2.0,0.6,moon,25.0,mars_ood,ood
400042,immobilized,False,2.6825081225760576,11.069701112431636,1,5,356.27100758797394,103.11214910305806,160.17447484841585,107.35998039168169,91,41.65685424949238,25,9,0.4623619005231625,76,6593,0.011721420962850893,0,0.0,mars,astar,64,5,800,0.2,0.25,6,1.0,1.0,,0.0,0,10,2.0,0.6,moon,25.0,mars_ood,ood
400043,success,True,2.682945434512903,10.627744261056389,1,5,531.6287073191411,370.3154793203305,252.02010533451823,70.77309245137923,348,53.11269837220807,151,2,0.243927348539817,223,6738,0.02343066485503542,0,0.0,mars,astar,64,5,800,0.2,0.25,6,1.0,1.0,,0.0,0,10,2.0,0.6,moon,25.0,mars_ood,ood
400044,success,True,0.0,8.878812952777938,0,5,298.924801346521,136.22354442497087,250.63207641177806,140.3049277135399,140,23.798989873223338,60,2,0.2296635954303363,123,6664,0.013221195478690717,0,0.0,mars,astar,64,5,800,0.2,0.25,6,1.0,1.0,,0.0,0,10,2.0,0.6,moon,25.0,mars_ood,ood
400045,energy_exhausted,False,0.0,12.070486997534495,0,5,436.16797199374065,25.749162114156764,2.9145234537497844,2.9345234537497844,29,25.656854249492383,0,4,0.33528404558746566,52,4303,0.005135345195715235,0,10.198039027185569,mars,astar,64,5,800,0.2,0.25,6,1.0,1.0,,0.0,0,10,2.0,0.6,moon,25.0,mars_ood,ood
400046,immobilized,False,1.0759328114998117,9.241608205169689,1,5,336.1051706565473,66.29085974074343,143.5190224175286,100.90851514507206,61,21.313708498984763,21,8,0.5971228831602099,60,3903,0.004171515769023193,0,0.0,mars,astar,64,5,800,0.2,0.25,6,1.0,1.0,,0.0,0,10,2.0,0.6,moon,25.0,mars_ood,ood
400047,immobilized,False,0.0,9.665149970503345,0,5,300.00354956420244,9.779646780839881,123.1094305499709,123.1094305499709,8,5.82842712474619,0,3,0.5550872601210045,22,3337,0.027391036653498735,0,5.385164807134504,mars,astar,64,5,800,0.2,0.25,6,1.0,1.0,,0.0,0,10,2.0,0.6,moon,25.0,mars_ood,ood
400048,success,True,0.0,8.369900996280546,0,5,442.9441218826865,280.3595094227741,250.74872087341257,15.79838464711198,276,40.76955262170046,121,3,0.24001026783100196,177,5173,0.024506033296980978,0,0.0,mars,astar,64,5,800,0.2,0.25,6,1.0,1.0,,0.0,0,10,2.0,0.6,moon,25.0,mars_ood,ood
400049,energy_exhausted,False,2.4809861891598297,10.408582726408738,1,5,452.2336218571986,41.32414497931829,2.423856455452946,2.443856455452946,45,54.18376618407354,0,1,0.2898200605442976,56,6049,0.0365528068034795,0,1.4142135623730951,mars,astar,64,5,800,0.2,0.25,6,1.0,1.0,,0.0,0,10,2.0,0.6,moon,25.0,mars_ood,ood
400050,energy_exhausted,False,0.0,9.016487812813203,0,5,397.08332537608635,27.9251922912342,44.17520024848143,44.195200248481434,26,22.82842712474619,0,3,0.35959811521448615,34,3639,0.01938120263581189,0,10.0,mars,astar,64,5,800,0.2,0.25,6,1.0,1.0,,0.0,0,10,2.0,0.6,moon,25.0,mars_ood,ood
400051,success,True,1.9844359736195682,9.000460904000539,1,5,840.6149649262527,678.1663103137433,250.88467872082205,2.49034160039744,722,64.14213562373094,329,5,0.30911495254056587,449,17523,0.023854213553457293,0,0.0,mars,astar,64,5,800,0.2,0.25,6,1.0,1.0,,0.0,0,10,2.0,0.6,moon,25.0,mars_ood,ood
400052,success,True,1.3025252648500094,10.4968674484105,1,5,493.33903025428003,330.3630978715964,250.3574009506413,53.86178586274381,322,53.79898987322332,136,1,0.17834619704576243,210,8505,0.06571491481770986,0,0.0,mars,astar,64,5,800,0.2,0.25,6,1.0,1.0,,0.0,0,10,2.0,0.6,moon,25.0,mars_ood,ood
400053,immobilized,False,2.8428104718997353,8.94485504185127,1,5,281.969262827027,28.108511560501633,159.47258206680797,153.54671546476453,28,23.656854249492383,3,3,0.45364708844108376,33,4809,0.005228048379922412,0,0.0,mars,astar,64,5,800,0.2,0.25,6,1.0,1.0,,0.0,0,10,2.0,0.6,moon,25.0,mars_ood,ood
400004,energy_exhausted,False,0.0,10.342360460905567,0,5,408.2881733696984,11.341673840468069,16.38683380410299,16.40683380410299,12,9.242640687119286,0,2,0.7191177949094003,24,17530,0.03658261299487753,1,6.082762530298219,mars,risk_aware_astar,64,5,800,0.2,0.25,6,1.0,1.0,,0.0,0,10,2.0,0.6,moon,25.0,mars_ood,ood
400005,success,True,1.7572859911266732,9.623904321875369,1,5,335.08810447680065,172.51727449617098,250.7625033526982,135.73073911450192,170,52.62741699796952,62,0,0.2393262971041444,120,76978,0.020915855392455218,0,0.0,mars,risk_aware_astar,64,5,800,0.2,0.25,6,1.0,1.0,,0.0,0,10,2.0,0.6,moon,25.0,mars_ood,ood
400006,success,True,2.660266403645624,9.130953200747532,1,5,346.6313406670351,184.9662040467145,251.66819671300712,99.44584144689874,188,22.48528137423857,83,1,0.31115567898260604,140,62127,0.005426343812969359,0,0.0,mars,risk_aware_astar,64,5,800,0.2,0.25,6,1.0,1.0,,0.0,0,10,2.0,0.6,moon,25.0,mars_ood,ood
400007,energy_exhausted,False,0.0,10.037456096628219,0,5,368.71131874933997,32.196144116032215,76.8181587000258,76.8381587000258,31,33.213203435596434,0,2,0.2858242374134435,44,39705,0.023707467192476295,1,1.4142135623730951,mars,risk_aware_astar,64,5,800,0.2,0.25,6,1.0,1.0,,0.0,0,10,2.0,0.6,moon,25.0,mars_ood,ood
400008,timeout,False,0.0,8.885444925719812,0,5,1034.6893679065447,788.7781953829133,167.42216080967202,49.78530074107103,800,112.74011537017753,351,5,0.1732200547912195,510,125130,0.19828253428226295,0,9.219544457292887,mars,risk_aware_astar,64,5,800,0.2,0.25,6,1.0,1.0,,0.0,0,10,2.0,0.6,moon,25.0,mars_ood,ood
400009,energy_exhausted,False,2.9643442354033516,10.375277040139736,1,5,422.02047663403846,25.360822961881674,16.67367966117682,16.69367966117682,28,32.041630560342625,0,2,0.3665012118993844,32,25372,0.020650547978478873,0,10.0,mars,risk_aware_astar,64,5,800,0.2,0.25,6,1.0,1.0,,0.0,0,10,2.0,0.6,moon,25.0,mars_ood,ood
400010,energy_exhausted,False,4.648062636397613,10.41206692211277,2,5,471.9294065442513,60.99220733906,2.3961341281420085,2.4161341281420086,61,67.28427124746186,0,1,0.23997542544872624,57,72295,0.02324189046173397,0,2.23606797749979,mars,risk_aware_astar,64,5,800,0.2,0.25,6,1.0,1.0,,0.0,0,10,2.0,0.6,moon,25.0,mars_ood,ood
400011,immobilized,False,0.0,9.044600831464807,0,5,365.73754502205065,154.17188923475277,201.76767754603222,101.81103139751025,145,52.526911934581165,50,20,0.5299456771891353,122,81735,0.10167076787914353,3,0.0,mars,risk_aware_astar,64,5,800,0.2,0.25,6,1.0,1.0,,0.0,0,10,2.0,0.6,moon,25.0,mars_ood,ood
400012,immobilized,False,4.472829938007017,9.399408209832723,2,5,343.3223926144004,68.7315189655643,138.74245968449642,112.31326441790952,65,44.38477631085023,13,5,0.38726341125561203,57,38429,0.011529295645720472,0,0.0,mars,risk_aware_astar,64,5,800,0.2,0.25,6,1.0,1.0,,0.0,0,10,2.0,0.6,moon,25.0,mars_ood,ood
400013,timeout,False,0.0,11.422294659534387,0,5,1150.7491093282658,914.0842356759582,176.66845968101822,42.531576920084454,800,26.485281374238575,385,13,0.22098150579902695,603,233389,0.02645479333759415,0,0.0,mars,risk_aware_astar,64,5,800,0.2,0.25,6,1.0,1.0,,0.0,0,10,2.0,0.6,moon,25.0,mars_ood,ood
400014,energy_exhausted,False,2.4472873995289284,10.17582267325629,1,5,435.15376150640543,24.580314728408847,2.75988655533722,2.77988655533722,25,25.72792206135786,0,2,0.3535477116413373,31,40902,0.02212919314805939,0,17.46424919657298,mars,risk_aware_astar,64,5,800,0.2,0.25,6,1.0,1.0,,0.0,0,10,2.0,0.6,moon,25.0,mars_ood,ood
400015,energy_exhausted,False,2.6878019553130885,12.083069141602065,1,5,422.17725480580896,23.281308267071854,14.437386794596366,14.457386794596365,27,29.213203435596434,0,2,0.4011622338511868,42,53689,0.022255039364384888,1,8.0,mars,risk_aware_astar,64,5,800,0.2,0.25,6,1.0,1.0,,0.0,0,10,2.0,0.6,moon,25.0,mars_ood,ood
400016,success,True,0.0,12.058914380674398,0,5,404.2298859416312,241.59886705194418,250.70231444363796,39.353841554515924,258,14.828427124746192,120,3,0.26713310473127266,173,77036,0.1832159683541148,0,0.0,mars,risk_aware_astar,64,5,800,0.2,0.25,6,1.0,1.0,,0.0,0,10,2.0,0.6,moon,25.0,mars_ood,ood
400017,energy_exhausted,False,2.015181804021767,10.377593705823667,1,5,439.90879530205984,51.33622923997405,24.760767271247747,24.780767271247747,49,57.35533905932735,0,1,0.28552627015441784,47,50344,0.03598510133823973,0,2.0,mars,risk_aware_astar,64,5,800,0.2,0.25,6,1.0,1.0,,0.0,0,10,2.0,0.6,moon,25.0,mars_ood,ood
400018,success,True,1.494875937372436,9.300711949766486,1,5,355.0255584662347,194.08512401819647,252.3928988852882,113.04348601265076,168,30.142135623730958,70,2,0.22672127325629826,152,68592,0.022669592486418977,0,0.0,mars,risk_aware_astar,64,5,800,0.2,0.25,6,1.0,1.0,,0.0,0,10,2.0,0.6,moon,25.0,mars_ood,ood
400019,success,True,6.74384711050638,10.403107865331462,3,5,665.810916476354,504.2593707869342,251.7817876439042,4.905196295573534,488,92.66904755831209,198,2,0.2272908602589201,301,74105,0.01185149823791698,12,0.0,mars,risk_aware_astar,64,5,800,0.2,0.25,6,1.0,1.0,,0.0,0,10,2.0,0.6,moon,25.0,mars_ood,ood
400020,immobilized,False,1.6689129305107204,7.490868008358168,1,5,334.9082041434082,80.74047240727423,159.1656015971976,100.99094785708428,75,20.970562748477146,29,13,0.5839434174680297,59,19658,0.018505110727640273,0,0.0,mars,risk_aware_astar,64,5,800,0.2,0.25,6,1.0,1.0,,0.0,0,10,2.0,0.6,moon,25.0,mars_ood,ood
400021,energy_exhausted,False,1.1838366797759214,8.656699591862557,1,5,393.1113275255022,53.4020118335473,73.62401764137844,73.64401764137844,49,55.18376618407354,0,1,0.28191507403576227,81,81571,0.02484057929060779,3,6.4031242374328485,mars,risk_aware_astar,64,5,800,0.2,0.25,6,1.0,1.0,,0.0,0,10,2.0,0.6,moon,25.0,mars_ood,ood
400022,energy_exhausted,False,0.0,10.050554038465963,0,5,822.7373519677786,417.9878946319361,8.583875997484476,8.603875997484476,375,45.041630560342604,167,4,0.22796671725849327,253,64118,0.03523069778516885,0,4.123105625617661,mars,risk_aware_astar,64,5,800,0.2,0.25,6,1.0,1.0,,0.0,0,10,2.0,0.6,moon,25.0,mars_ood,ood
400023,success,True,0.0,9.312488982340422,0,5,313.80809117405914,150.47434688292975,249.9995890421978,138.51481237159882,146,33.798989873223334,58,2,0.270490386450672,122,57405,0.030518269317663327,0,0.0,mars,risk_aware_astar,64,5,800,0.2,0.25,6,1.0,1.0,,0.0,0,10,2.0,0.6,moon,25.0,mars_ood,ood
400024,success,True,0.0,8.945433533721532,0,5,263.07680539692205,100.56396975292236,250.82049768933072,164.351357494113,110,6.82842712474619,51,2,0.3234645084114821,103,53220,0.023143081703351553,0,0.0,mars,risk_aware_astar,64,5,800,0.2,0.25,6,1.0,1.0,,0.0,0,10,2.0,0.6,moon,25.0,mars_ood,ood
400025,success,True,1.187697045456624,6.504449313092817,1,5,605.122392877262,442.6963174987531,250.90725795481487,30.023943046674667,410,50.142135623730944,181,2,0.19808549673245204,263,103101,0.04250382283765819,0,0.0,mars,risk_aware_astar,64,5,800,0.2,0.25,6,1.0,1.0,,0.0,0,10,2.0,0.6,moon,25.0,mars_ood,ood
400026,energy_exhausted,False,2.908728450954972,12.919125223882055,1,5,421.7913929775656,33.76792234952646,25.309862705294243,25.329862705294243,30,30.72792206135786,0,2,0.3019382438068824,36,28670,0.054093672584176966,0,8.602325267042627,mars,risk_aware_astar,64,5,800,0.2,0.25,6,1.0,1.0,,0.0,0,10,2.0,0.6,moon,25.0,mars_ood,ood
400027,energy_exhausted,False,2.303114104758288,10.052784418734847,1,5,434.989359579943,28.1573093828323,6.501283136222812,6.521283136222811,29,29.384776310850242,0,3,0.38409322412085367,61,71589,0.00641655796164653,1,12.36931687685298,mars,risk_aware_astar,64,5,800,0.2,0.25,6,1.0,1.0,,0.0,0,10,2.0,0.6,moon,25.0,mars_ood,ood
400028,success,True,2.85670826955898,11.175818835571611,1,5,617.4564863398617,454.3946115850164,250.27145857848492,26.52801265298655,424,57.79898987322331,184,3,0.25051051002407226,290,107625,0.11124598514128736,1,0.0,mars,risk_aware_astar,64,5,800,0.2,0.25,6,1.0,1.0,,0.0,0,10,2.0,0.6,moon,25.0,mars_ood,ood
400029,success,True,1.9269961299693577,7.772974148827593,1,5,763.4962518939569,600.3883256092564,250.22540704862422,32.78260287151895,674,70.18376618407353,306,4,0.27390969239609936,444,100762,0.02341430355466445,0,0.0,mars,risk_aware_astar,64,5,800,0.2,0.25,6,1.0,1.0,,0.0,0,10,2.0,0.6,moon,25.0,mars_ood,ood
400030,immobilized,False,0.0,9.716785046362691,0,5,262.04084803303897,65.77760400284552,217.07008930313722,165.15454192054142,65,11.656854249492381,27,13,0.6294558348039767,49,22517,0.03329601281145733,0,0.0,mars,risk_aware_astar,64,5,800,0.2,0.25,6,1.0,1.0,,0.0,0,10,2.0,0.6,moon,25.0,mars_ood,ood
400031,immobilized,False,2.6760108965509426,12.854598146362186,1,5,414.5853253148177,33.09538796539033,31.843395983906166,31.843395983906166,31,32.627416997969526,0,5,0.3111208855359219,57,46891,0.03766689612979557,0,2.0,mars,risk_aware_astar,64,5,800,0.2,0.25,6,1.0,1.0,,0.0,0,10,2.0,0.6,moon,25.0,mars_ood,ood
400032,success,True,1.8030315845002927,10.281575833388214,1,5,363.483003690894,201.74754943386316,251.59787907629507,79.5207600939357,206,22.970562748477146,93,1,0.23188741345152225,149,52931,0.1209246297536134,0,0.0,mars,risk_aware_astar,64,5,800,0.2,0.25,6,1.0,1.0,,0.0,0,10,2.0,0.6,moon,25.0,mars_ood,ood
400033,success,True,1.236935143682114,8.442189452281752,1,5,407.293934590927,245.40973650206976,251.44913524446693,138.01944784084503,258,35.798989873223334,113,2,0.2783848514876673,176,52665,0.034296390327492765,0,0.0,mars,risk_aware_astar,64,5,800,0.2,0.25,6,1.0,1.0,,0.0,0,10,2.0,0.6,moon,25.0,mars_ood,ood
400034,timeout,False,0.0,12.717881015155145,0,5,980.5491581132324,807.6514153648395,240.4355905849317,39.55952597314276,800,47.4558441227157,378,8,0.263461013581646,497,115993,0.010820989073194287,0,0.0,mars,risk_aware_astar,64,5,800,0.2,0.25,6,1.0,1.0,,0.0,0,10,2.0,0.6,moon,25.0,mars_ood,ood
400035,energy_exhausted,False,0.0,8.869218248335546,0,5,356.1835731331807,28.68472704721247,85.83448724736489,85.85448724736489,30,30.142135623730955,0,3,0.292640504805404,43,44942,0.025934608095010026,0,1.4142135623730951,mars,risk_aware_astar,64,5,800,0.2,0.25,6,1.0,1.0,,0.0,0,10,2.0,0.6,moon,25.0,mars_ood,ood
400036,energy_exhausted,False,5.172389931770752,12.205281884196726,2,5,969.278910692302,581.0544625930671,25.108885234087868,25.128885234087868,595,109.22539674441612,250,3,0.25971035648374774,377,85536,0.007980489656714163,1,7.280109889280518,mars,risk_aware_astar,64,5,800,0.2,0.25,6,1.0,1.0,,0.0,0,10,2.0,0.6,moon,25.0,mars_ood,ood
400037,energy_exhausted,False,0.0,10.849583089372857,0,5,665.5813907362176,344.3586960374935,92.11063863459941,33.273892693052055,399,46.284271247461895,179,4,0.27516585474948385,263,96272,0.013650950324071709,0,8.94427190999916,mars,risk_aware_astar,64,5,800,0.2,0.25,6,1.0,1.0,,0.0,0,10,2.0,0.6,moon,25.0,mars_ood,ood
400038,timeout,False,2.3560180656126475,12.89455164165896,1,5,997.0778594313407,766.2002315580304,182.45570546001397,9.83521981006268,800,82.4264068711928,366,3,0.20197881649983357,464,115472,0.025790840483470467,0,0.0,mars,risk_aware_astar,64,5,800,0.2,0.25,6,1.0,1.0,,0.0,0,10,2.0,0.6,moon,25.0,mars_ood,ood
400039,success,True,1.7648669781534534,8.546839348498514,1,5,617.399919840538,454.1986757917466,250.13208928453847,47.64306540197443,476,58.62741699796951,211,1,0.24708048238931662,277,85211,0.05465023879405073,0,0.0,mars,risk_aware_astar,64,5,800,0.2,0.25,6,1.0,1.0,,0.0,0,10,2.0,0.6,moon,25.0,mars_ood,ood
400040,timeout,False,0.0,8.82589080977645,0,5,993.0224567869669,825.8935667232258,246.20444326956044,78.94253797904453,800,8.0,396,6,0.27343735932060753,510,94650,0.01777453591639,0,0.0,mars,risk_aware_astar,64,5,800,0.2,0.25,6,1.0,1.0,,0.0,0,10,2.0,0.6,moon,25.0,mars_ood,ood
400041,success,True,0.0,11.03122399243434,0,5,244.0835136059999,80.73543144945809,249.9852511767925,188.86602686281972,86,15.656854249492381,35,12,0.570805603572417,97,64932,0.12171233204327137,0,0.0,mars,risk_aware_astar,64,5,800,0.2,0.25,6,1.0,1.0,,0.0,0,10,2.0,0.6,moon,25.0,mars_ood,ood
400042,energy_exhausted,False,2.6825081225760576,11.069701112431636,1,5,455.86784157843226,48.30642047407199,5.7719122289733225,5.791912228973322,43,44.970562748477136,0,2,0.299993377024719,50,58691,0.15905032774753847,0,1.4142135623730951,mars,risk_aware_astar,64,5,800,0.2,0.25,6,1.0,1.0,,0.0,0,10,2.0,0.6,moon,25.0,mars_ood,ood
400043,energy_exhausted,False,2.682945434512903,10.627744261056389,1,5,450.7090938720382,47.43846802479067,10.062707486086166,10.082707486086166,45,51.112698372208065,0,2,0.30997722312030523,55,52825,0.042025325941579705,0,10.0,mars,risk_aware_astar,64,5,800,0.2,0.25,6,1.0,1.0,,0.0,0,10,2.0,0.6,moon,25.0,mars_ood,ood
400044,energy_exhausted,False,2.901195846735302,8.878812952777938,1,5,448.23935960525307,38.07945102139536,3.1734247494756413,3.1934247494756414,42,45.21320343559642,0,2,0.3321626533147674,57,59891,0.025382561953160354,0,4.47213595499958,mars,risk_aware_astar,64,5,800,0.2,0.25,6,1.0,1.0,,0.0,0,10,2.0,0.6,moon,25.0,mars_ood,ood
400045,success,True,2.571866994183246,12.070486997534495,1,5,523.2471176451035,360.8612923738217,250.94750806204232,65.74981652051801,404,87.94112549695426,162,2,0.2227481782270234,267,75965,0.03767132701375853,0,0.0,mars,risk_aware_astar,64,5,800,0.2,0.25,6,1.0,1.0,,0.0,0,10,2.0,0.6,moon,25.0,mars_ood,ood
400046,energy_exhausted,False,2.747236993103781,9.241608205169689,1,5,439.2279473636371,46.8989201582851,21.004306127981977,21.024306127981976,40,42.627416997969505,0,3,0.31197254191223855,52,59573,0.02666860979047425,0,13.92838827718412,mars,risk_aware_astar,64,5,800,0.2,0.25,6,1.0,1.0,,0.0,0,10,2.0,0.6,moon,25.0,mars_ood,ood
400047,energy_exhausted,False,0.0,9.665149970503345,0,5,515.0546433128694,107.38440120693726,5.663091227401204,5.683091227401204,93,33.798989873223334,31,3,0.2552522492708152,95,72834,0.021772519095700882,0,6.0,mars,risk_aware_astar,64,5,800,0.2,0.25,6,1.0,1.0,,0.0,0,10,2.0,0.6,moon,25.0,mars_ood,ood
400048,energy_exhausted,False,1.8113072495381968,8.369900996280546,1,5,431.535671405699,23.34358778437196,5.1412497120062755,5.161249712006275,24,28.041630560342625,0,2,0.3952858875124142,32,40026,0.021001770937932096,0,15.811388300841896,mars,risk_aware_astar,64,5,800,0.2,0.25,6,1.0,1.0,,0.0,0,10,2.0,0.6,moon,25.0,mars_ood,ood
400049,immobilized,False,2.4809861891598297,10.408582726408738,1,5,308.69572690414157,53.69561346244759,158.33321989163906,145.50186805547173,57,43.89949493661166,8,6,0.30526829722086296,62,68288,0.10090916616443646,0,0.0,mars,risk_aware_astar,64,5,800,0.2,0.25,6,1.0,1.0,,0.0,0,10,2.0,0.6,moon,25.0,mars_ood,ood
400050,energy_exhausted,False,0.0,9.016487812813203,0,5,432.89518892672913,35.749459381199706,16.18760378780383,16.20760378780383,33,35.38477631085024,0,2,0.321400097556992,43,38953,0.012329859486881811,0,9.219544457292887,mars,risk_aware_astar,64,5,800,0.2,0.25,6,1.0,1.0,,0.0,0,10,2.0,0.6,moon,25.0,mars_ood,ood
400051,timeout,False,1.9844359736195682,9.000460904000539,1,5,918.5118637546633,752.6997659498635,247.52123552853502,54.77612070079284,800,83.0121933088197,365,4,0.3033448936191368,470,136574,0.029897492921227564,0,0.0,mars,risk_aware_astar,64,5,800,0.2,0.25,6,1.0,1.0,,0.0,0,10,2.0,0.6,moon,25.0,mars_ood,ood
400052,success,True,3.4686593707649154,10.4968674484105,2,5,565.7937020807622,404.2953288345625,251.83496008712945,93.94788272055145,394,81.45584412271569,159,1,0.16637144741897208,255,90097,0.012583409841599114,0,0.0,mars,risk_aware_astar,64,5,800,0.2,0.25,6,1.0,1.0,,0.0,0,10,2.0,0.6,moon,25.0,mars_ood,ood
400053,success,True,2.8428104718997353,8.94485504185127,1,5,303.7582809807999,142.14142403810854,251.71647639063735,139.14501095181197,138,23.656854249492383,57,18,0.6209054923783353,104,72268,0.011895990997604411,0,0.0,mars,risk_aware_astar,64,5,800,0.2,0.25,6,1.0,1.0,,0.0,0,10,2.0,0.6,moon,25.0,mars_ood,ood
300004,success,True,9.566520051998763,9.566520051998763,5,5,450.91917710982926,358.95444415090714,88.03526704107597,85.30588483720787,231,270.149278298668,0,0,0.16231047278100263,172,185893,0.026346612593924124,5,0.0,moon,adaptive_risk_aware_astar,64,5,800,0.2,0.25,6,1.0,1.0,,0.0,0,10,2.0,0.6,moon,25.0,moon_id,test
300005,success,True,9.494096489882416,9.494096489882416,5,5,491.0388446083054,331.84523174548957,20.80638713718314,17.419520028327497,211,239.2792206135789,0,0,0.19069405913572995,170,116747,0.04050009715181302,8,0.0,moon,adaptive_risk_aware_astar,64,5,800,0.2,0.25,6,1.0,1.0,,0.0,0,10,2.0,0.6,moon,25.0,moon_id,test
300006,success,True,7.715457516252617,13.045709179614112,3,5,669.991079637115,604.3052915207307,114.3142118836132,43.65978662039462,376,355.4041122946073,34,0,0.16563149808465277,324,342534,0.030972538468876598,11,0.0,moon,adaptive_risk_aware_astar,64,5,800,0.2,0.25,6,1.0,1.0,,0.0,0,10,2.0,0.6,moon,25.0,moon_id,test
300007,success,True,9.442067934741797,10.785657572488358,4,5,569.3517469769073,501.52548834209017,112.17374136517914,39.967283600182036,314,279.0782104868025,36,0,0.16978951369835546,194,163194,0.0853700894440691,5,0.0,moon,adaptive_risk_aware_astar,64,5,800,0.2,0.25,6,1.0,1.0,,0.0,0,10,2.0,0.6,moon,25.0,moon_id,test
300008,success,True,12.64775827220025,12.64775827220025,5,5,393.74561527323556,262.102114074392,48.35649880115535,48.37649880115535,169,199.72287142747481,0,0,0.19745866819543498,100,95405,0.022384419436792924,1,0.0,moon,adaptive_risk_aware_astar,64,5,800,0.2,0.25,6,1.0,1.0,,0.0,0,10,2.0,0.6,moon,25.0,moon_id,test
300009,success,True,9.518867163792331,11.094838029729628,4,5,433.40596296704246,364.5829315140272,111.17696854698316,35.51994083214644,230,176.40916292848996,40,0,0.2899291417705511,162,91923,0.03023661522047849,2,0.0,moon,adaptive_risk_aware_astar,64,5,800,0.2,0.25,6,1.0,1.0,,0.0,0,10,2.0,0.6,moon,25.0,moon_id,test
300010,timeout,False,4.929125730302966,8.76540533893193,3,5,1374.664119803097,1284.7353945062093,90.07127470310405,33.81557812416173,800,740.2935059634539,82,0,0.16651263816547457,510,460170,0.05520029128452475,18,36.013886210738214,moon,adaptive_risk_aware_astar,64,5,800,0.2,0.25,6,1.0,1.0,,0.0,0,10,2.0,0.6,moon,25.0,moon_id,test
300011,success,True,11.69445432187878,11.69445432187878,5,5,469.5156664640035,378.68458735145026,89.16892088744436,83.67255190371408,240,257.52186130069833,8,0,0.1708381075990443,175,132950,0.025700665664781797,5,0.0,moon,adaptive_risk_aware_astar,64,5,800,0.2,0.25,6,1.0,1.0,,0.0,0,10,2.0,0.6,moon,25.0,moon_id,test
300012,success,True,10.166039447432212,10.166039447432212,5,5,489.07545723223916,381.43640221145375,72.36094497921168,50.63787704004562,240,225.0954544295051,18,0,0.2050329619059045,149,112456,0.035754046476307866,4,0.0,moon,adaptive_risk_aware_astar,64,5,800,0.2,0.25,6,1.0,1.0,,0.0,0,10,2.0,0.6,moon,25.0,moon_id,test
300013,success,True,12.721426991413411,12.721426991413411,5,5,373.84697527827205,298.4417915863143,104.59481630804093,103.28754650950417,184,213.4802307403555,0,0,0.17289911479210457,104,72115,0.03963899741437815,1,0.0,moon,adaptive_risk_aware_astar,64,5,800,0.2,0.25,6,1.0,1.0,,0.0,0,10,2.0,0.6,moon,25.0,moon_id,test
300014,success,True,7.9400430436220795,7.9400430436220795,5,5,387.8647900909199,290.99946262051645,83.13467252959553,80.3747495764311,182,214.6934341759519,0,0,0.17654449477863796,129,85717,0.01637767859509054,4,0.0,moon,adaptive_risk_aware_astar,64,5,800,0.2,0.25,6,1.0,1.0,,0.0,0,10,2.0,0.6,moon,25.0,moon_id,test
300015,success,True,5.699318123611853,8.408236350349425,4,5,411.0286490129267,343.38802743266604,112.35937841973795,49.75899237499396,216,181.53910524340105,26,0,0.22010700199813693,168,98568,0.06514912127407535,4,0.0,moon,adaptive_risk_aware_astar,64,5,800,0.2,0.25,6,1.0,1.0,,0.0,0,10,2.0,0.6,moon,25.0,moon_id,test
300016,success,True,6.879574502152815,6.879574502152815,5,5,515.8276456922358,431.6041406337475,95.7764949415091,34.48422840796881,268,256.6934341759521,23,0,0.20235081869009436,153,88432,0.049889935795789486,2,0.0,moon,adaptive_risk_aware_astar,64,5,800,0.2,0.25,6,1.0,1.0,,0.0,0,10,2.0,0.6,moon,25.0,moon_id,test
300017,success,True,7.170669552790833,10.157904862047712,4,5,856.4587078441447,790.3732824868821,113.91457464273194,22.645468957028452,494,389.56349186104114,71,0,0.20474640162342742,330,186860,0.016561468660308165,9,0.0,moon,adaptive_risk_aware_astar,64,5,800,0.2,0.25,6,1.0,1.0,,0.0,0,10,2.0,0.6,moon,25.0,moon_id,test
300018,energy_exhausted,False,1.754094622895253,11.897619210179126,1,5,359.8226203757921,182.9891785375636,3.1665581617711305,3.1865581617711305,119,129.12489168102775,0,1,0.27312694144826444,162,114418,0.025016246945126608,9,5.385164807134504,moon,adaptive_risk_aware_astar,64,5,800,0.2,0.25,6,1.0,1.0,,0.0,0,10,2.0,0.6,moon,25.0,moon_id,test
300019,success,True,9.734080704773486,10.848116166116698,4,5,524.0904521588368,457.7652396044112,113.67478744557121,90.90075967720838,292,309.2792206135791,6,0,0.15783854606154593,156,93387,0.04957830928311768,7,0.0,moon,adaptive_risk_aware_astar,64,5,800,0.2,0.25,6,1.0,1.0,,0.0,0,10,2.0,0.6,moon,25.0,moon_id,test
300020,success,True,5.833728886247473,10.221897503125227,3,5,802.0412589585763,736.2434731245758,114.20221416599247,1.9491261396778354,462,401.0437226013971,64,1,0.16450968282256676,329,221853,0.05342049937394344,10,0.0,moon,adaptive_risk_aware_astar,64,5,800,0.2,0.25,6,1.0,1.0,,0.0,0,10,2.0,0.6,moon,25.0,moon_id,test
300021,success,True,11.159813030946262,11.159813030946262,5,5,471.5560116681988,385.67292329070426,94.11691162250328,93.94535662655603,242,273.2792206135791,0,0,0.16123610428505625,178,155543,0.023473773479100957,5,0.0,moon,adaptive_risk_aware_astar,64,5,800,0.2,0.25,6,1.0,1.0,,0.0,0,10,2.0,0.6,moon,25.0,moon_id,test
300022,success,True,9.588766011975672,9.588766011975672,5,5,331.99315456710724,234.9917507265436,82.99859615943599,83.01859615943599,150,165.982756057297,0,0,0.19082770053783474,96,63389,0.04342407422658201,0,0.0,moon,adaptive_risk_aware_astar,64,5,800,0.2,0.25,6,1.0,1.0,,0.0,0,10,2.0,0.6,moon,25.0,moon_id,test
300023,success,True,9.512979055289563,9.512979055289563,5,5,445.797302102209,332.8515585341186,67.05425643190772,67.07425643190771,217,237.9238815542514,0,0,0.18291193722653007,135,125786,0.02871319223705715,5,0.0,moon,adaptive_risk_aware_astar,64,5,800,0.2,0.25,6,1.0,1.0,,0.0,0,10,2.0,0.6,moon,25.0,moon_id,test
300024,success,True,3.901202655774914,9.830194469146184,2,5,312.30335148295484,244.73822313367646,112.43487165072118,25.780429250386934,156,115.15432893255064,27,0,0.2894788362730367,130,138028,0.09922864762900407,2,0.0,moon,adaptive_risk_aware_astar,64,5,800,0.2,0.25,6,1.0,1.0,,0.0,0,10,2.0,0.6,moon,25.0,moon_id,test
300025,success,True,9.767328802399314,9.767328802399314,5,5,361.14487515149284,245.78078107830075,64.63590592680696,64.40704263162964,156,187.13708498984778,0,0,0.18980309474629686,111,112327,0.035221505577918144,1,0.0,moon,adaptive_risk_aware_astar,64,5,800,0.2,0.25,6,1.0,1.0,,0.0,0,10,2.0,0.6,moon,25.0,moon_id,test
300026,success,True,12.054806630208946,12.054806630208946,5,5,317.3944918688178,229.0725840822187,91.67809221340015,90.44590449740654,149,173.92388155425115,0,0,0.1816538975909849,100,71534,0.026391688202792807,1,0.0,moon,adaptive_risk_aware_astar,64,5,800,0.2,0.25,6,1.0,1.0,,0.0,0,10,2.0,0.6,moon,25.0,moon_id,test
300027,success,True,8.77826090599033,11.076602719617856,4,5,739.8914201749939,671.3505155341992,111.45909535920141,51.21784497615651,424,420.03152929257703,29,0,0.16253499370058783,220,186576,0.032541588849533176,11,0.0,moon,adaptive_risk_aware_astar,64,5,800,0.2,0.25,6,1.0,1.0,,0.0,0,10,2.0,0.6,moon,25.0,moon_id,test
300028,success,True,7.242844775725143,9.85630330427927,4,5,626.6923038351628,558.9973678273449,112.30506399217857,68.54721172654095,346,341.5046173579958,27,0,0.17258756200544853,294,211061,0.024305212248053265,7,0.0,moon,adaptive_risk_aware_astar,64,5,800,0.2,0.25,6,1.0,1.0,,0.0,0,10,2.0,0.6,moon,25.0,moon_id,test
300029,success,True,10.325239545931181,10.325239545931181,5,5,411.90574092050025,307.13867773627527,75.23293681577324,72.69464434055135,197,228.45079348883274,0,0,0.16967967167558787,163,94990,0.024294873595466226,4,0.0,moon,adaptive_risk_aware_astar,64,5,800,0.2,0.25,6,1.0,1.0,,0.0,0,10,2.0,0.6,moon,25.0,moon_id,test
300030,success,True,7.759790814612954,7.759790814612954,5,5,320.2157936165742,227.3381641636923,87.12237054711692,83.44092093002368,143,169.33809511662443,0,0,0.18155920713797977,92,56534,0.029051899488557464,0,0.0,moon,adaptive_risk_aware_astar,64,5,800,0.2,0.25,6,1.0,1.0,,0.0,0,10,2.0,0.6,moon,25.0,moon_id,test
300031,success,True,9.738499033236684,9.738499033236684,5,5,327.9445662233015,263.54196091741306,115.59739469411063,71.7549795769343,168,164.50966799187808,13,0,0.1892965188189641,113,66235,0.018415832079984318,4,0.0,moon,adaptive_risk_aware_astar,64,5,800,0.2,0.25,6,1.0,1.0,,0.0,0,10,2.0,0.6,moon,25.0,moon_id,test
300032,success,True,4.015779272574372,8.097170601900395,3,5,546.603183339461,479.51501621805306,112.91183287858985,31.461435953737716,302,258.00714267493686,37,1,0.18255440257531821,302,270792,0.052672541268241724,10,0.0,moon,adaptive_risk_aware_astar,64,5,800,0.2,0.25,6,1.0,1.0,,0.0,0,10,2.0,0.6,moon,25.0,moon_id,test
300033,success,True,7.57660196868175,10.683349792295159,3,5,634.4084410195425,565.2615981216003,110.85315710205452,34.10527962338956,356,284.8772003600259,53,0,0.18622194943348583,250,151554,0.12934178014260422,16,0.0,moon,adaptive_risk_aware_astar,64,5,800,0.2,0.25,6,1.0,1.0,,0.0,0,10,2.0,0.6,moon,25.0,moon_id,test
300034,success,True,4.978699210388102,8.81410520029832,3,5,437.90031048791957,369.70787157301874,111.80756108509583,65.15375875276787,234,223.72287142747476,17,0,0.18152578933435148,243,218585,0.07538857050935477,8,0.0,moon,adaptive_risk_aware_astar,64,5,800,0.2,0.25,6,1.0,1.0,,0.0,0,10,2.0,0.6,moon,25.0,moon_id,test
300035,success,True,10.625604088545508,10.625604088545508,5,5,465.7738743713654,374.4224493919325,88.64857502056466,88.66857502056466,238,270.35028842544455,0,0,0.16752978628276335,150,121990,0.018579376118203816,6,0.0,moon,adaptive_risk_aware_astar,64,5,800,0.2,0.25,6,1.0,1.0,,0.0,0,10,2.0,0.6,moon,25.0,moon_id,test
300036,energy_exhausted,False,9.161683812988315,9.161683812988315,5,5,405.96794148888654,287.9174212494826,61.94947976059418,61.96947976059418,194,227.1076477383251,0,0,0.1563454281345991,117,99305,0.045199240648721384,4,34.0147027033899,moon,adaptive_risk_aware_astar,64,5,800,0.2,0.25,6,1.0,1.0,,0.0,0,10,2.0,0.6,moon,25.0,moon_id,test
300037,success,True,5.326512813698244,9.52221642450207,3,5,505.14221369799986,438.2231024506815,113.08088875267931,67.64189511538167,274,279.6639969244293,14,0,0.170438294692083,263,241837,0.01778900399653549,9,0.0,moon,adaptive_risk_aware_astar,64,5,800,0.2,0.25,6,1.0,1.0,,0.0,0,10,2.0,0.6,moon,25.0,moon_id,test
300038,success,True,7.284115324245114,10.259971813948047,4,5,572.5860052391848,505.52672911769406,112.94072387850566,54.4925127282563,318,304.69343417595206,21,0,0.1908781376106976,193,151093,0.15349877204152684,8,0.0,moon,adaptive_risk_aware_astar,64,5,800,0.2,0.25,6,1.0,1.0,,0.0,0,10,2.0,0.6,moon,25.0,moon_id,test
300039,success,True,4.565138990198129,7.948862244641392,3,5,411.21010984324505,343.0771325174058,111.86702267415907,77.85584054606102,218,203.72287142747481,21,0,0.2077866705123102,191,175473,0.019406083589784573,6,0.0,moon,adaptive_risk_aware_astar,64,5,800,0.2,0.25,6,1.0,1.0,,0.0,0,10,2.0,0.6,moon,25.0,moon_id,test
300040,success,True,8.693747195953447,10.112682608376382,4,5,859.654500806869,792.6281731191436,112.97367231226993,61.78528312554062,484,413.9310242291888,68,1,0.20045056196514008,251,171049,0.0758020406549832,3,0.0,moon,adaptive_risk_aware_astar,64,5,800,0.2,0.25,6,1.0,1.0,,0.0,0,10,2.0,0.6,moon,25.0,moon_id,test
300041,success,True,12.797797819914807,12.797797819914807,5,5,388.17411948171997,265.66996897672925,57.49584949500815,53.15379121819255,169,190.85281374238588,0,0,0.19597184054496722,101,67453,0.041505723188227206,2,0.0,moon,adaptive_risk_aware_astar,64,5,800,0.2,0.25,6,1.0,1.0,,0.0,0,10,2.0,0.6,moon,25.0,moon_id,test
300042,success,True,8.336354199801947,10.778580437652371,4,5,360.20548996577213,293.6909526177111,113.48546265193656,62.490387178414586,184,146.26702730475876,31,0,0.2357812902095842,132,95447,0.024138588319298604,0,0.0,moon,adaptive_risk_aware_astar,64,5,800,0.2,0.25,6,1.0,1.0,,0.0,0,10,2.0,0.6,moon,25.0,moon_id,test
300043,success,True,11.295388394900653,11.295388394900653,5,5,283.0850934498069,259.0498947884041,155.9648013385959,153.82392786442188,162,189.23759005323612,0,0,0.13754941674497276,113,86416,0.030889858755752453,2,0.0,moon,adaptive_risk_aware_astar,64,5,800,0.2,0.25,6,1.0,1.0,,0.0,0,10,2.0,0.6,moon,25.0,moon_id,test
300044,success,True,8.943243893003505,8.943243893003505,5,5,258.1976536321557,227.8161658808886,149.61851224873192,149.609683288438,154,171.539105243401,0,0,0.13719798842386874,104,74112,0.03641829087639592,3,0.0,moon,adaptive_risk_aware_astar,64,5,800,0.2,0.25,6,1.0,1.0,,0.0,0,10,2.0,0.6,moon,25.0,moon_id,test
300045,success,True,7.468878907665096,9.827271613623092,4,5,427.0569807599491,356.8375132840359,109.78053252408523,76.98083372611767,220,237.13708498984778,5,0,0.16350391633307593,191,134913,0.06582518502024004,6,0.0,moon,adaptive_risk_aware_astar,64,5,800,0.2,0.25,6,1.0,1.0,,0.0,0,10,2.0,0.6,moon,25.0,moon_id,test
300046,success,True,9.650046929695272,12.427029544461885,4,5,1260.29571583167,1192.7651451301617,112.46942929847515,55.945778821484524,746,691.4284989122476,63,0,0.16545164682759167,490,401428,0.03077340270685014,13,0.0,moon,adaptive_risk_aware_astar,64,5,800,0.2,0.25,6,1.0,1.0,,0.0,0,10,2.0,0.6,moon,25.0,moon_id,test
300047,success,True,6.459681650885037,9.367181557147507,3,5,422.29521570012236,353.5116700045082,111.21645430438261,57.450473492302734,220,189.82337649086298,28,0,0.21816214413061133,183,146076,0.05540725322018636,5,0.0,moon,adaptive_risk_aware_astar,64,5,800,0.2,0.25,6,1.0,1.0,,0.0,0,10,2.0,0.6,moon,25.0,moon_id,test
300048,success,True,8.001425084760756,10.671839827785096,4,5,1156.472063117763,1089.281774503176,112.80971138540914,2.592249012397063,684,537.7716446627552,108,2,0.18319788875663987,481,287992,0.010702805280397576,11,0.0,moon,adaptive_risk_aware_astar,64,5,800,0.2,0.25,6,1.0,1.0,,0.0,0,10,2.0,0.6,moon,25.0,moon_id,test
300049,success,True,11.042168137368588,11.042168137368588,5,5,457.01934407568024,370.5884219471705,93.56907787148874,93.58907787148874,230,252.2081528017136,5,0,0.17829782120853307,141,152931,0.023779283295487064,2,0.0,moon,adaptive_risk_aware_astar,64,5,800,0.2,0.25,6,1.0,1.0,,0.0,0,10,2.0,0.6,moon,25.0,moon_id,test
300050,success,True,7.0366299240235195,9.816771534281294,4,5,421.0094347240792,354.3788150704545,113.36938034637211,27.73602375995792,232,193.82337649086298,30,0,0.25570345508335596,234,151942,0.02752412190805298,8,0.0,moon,adaptive_risk_aware_astar,64,5,800,0.2,0.25,6,1.0,1.0,,0.0,0,10,2.0,0.6,moon,25.0,moon_id,test
300051,success,True,9.60949508362769,9.60949508362769,5,5,339.76753382929894,286.1472820566239,126.37974822732365,117.63465777720324,181,207.23759005323615,0,0,0.1588172141149054,120,101616,0.0420535763401898,3,0.0,moon,adaptive_risk_aware_astar,64,5,800,0.2,0.25,6,1.0,1.0,,0.0,0,10,2.0,0.6,moon,25.0,moon_id,test
300052,success,True,9.314484865889291,9.314484865889291,5,5,338.5504837952907,257.7546614012534,99.20417760596258,99.22417760596258,162,191.23759005323592,0,0,0.16800928570074097,91,52583,0.01763614792794499,0,0.0,moon,adaptive_risk_aware_astar,64,5,800,0.2,0.25,6,1.0,1.0,,0.0,0,10,2.0,0.6,moon,25.0,moon_id,test
300053,energy_exhausted,False,6.053274521393876,8.953872623277555,3,5,315.48227827645144,135.7184732194622,0.23619494301015112,0.2561949430101511,93,104.63961030678921,1,2,0.23679999461820503,96,68513,0.029492625986420662,3,20.615528128088304,moon,adaptive_risk_aware_astar,64,5,800,0.2,0.25,6,1.0,1.0,,0.0,0,10,2.0,0.6,moon,25.0,moon_id,test
300004,success,True,9.566520051998763,9.566520051998763,5,5,480.5535243812823,409.02081156270367,108.46728718141928,62.29638049669675,262,264.4924240491756,15,0,0.17284257471732617,186,29095,0.04739922548356157,10,0.0,moon,astar,64,5,800,0.2,0.25,6,1.0,1.0,,0.0,0,10,2.0,0.6,moon,25.0,moon_id,test
300005,success,True,7.645177080651701,9.494096489882416,4,5,577.87517111791,510.2212092005682,112.34603808265351,3.5057184355513384,324,225.48023074035535,61,0,0.2036135680905076,218,20773,0.09559055975184438,9,0.0,moon,astar,64,5,800,0.2,0.25,6,1.0,1.0,,0.0,0,10,2.0,0.6,moon,25.0,moon_id,test
300006,success,True,2.86402038387253,13.045709179614112,1,5,255.81359484823264,189.0956984830584,113.2821036348268,82.0794651276423,122,109.74011537017755,10,0,0.20627452231627752,171,32936,0.041839937161964214,8,0.0,moon,astar,64,5,800,0.2,0.25,6,1.0,1.0,,0.0,0,10,2.0,0.6,moon,25.0,moon_id,test
300007,success,True,2.8286599686881666,10.785657572488358,1,5,240.43505637443195,172.22662225679736,111.79156588236624,36.024350085454664,110,67.94112549695424,24,0,0.2541645388878335,131,16463,0.17995255756266282,4,0.0,moon,astar,64,5,800,0.2,0.25,6,1.0,1.0,,0.0,0,10,2.0,0.6,moon,25.0,moon_id,test
300008,success,True,12.64775827220025,12.64775827220025,5,5,422.14678207113366,318.46004248855667,76.3132604174214,40.75337943569219,202,193.2792206135789,21,1,0.23287204206708842,121,10369,0.028031495515747462,2,0.0,moon,astar,64,5,800,0.2,0.25,6,1.0,1.0,,0.0,0,10,2.0,0.6,moon,25.0,moon_id,test
300009,timeout,False,5.614202853445617,11.094838029729628,2,5,240.810999854465,240.81099985446443,180.0,93.38938693756867,800,67.76955262170044,660,0,0.27065882954225023,802,42390,0.023966637792638634,83,24.596747752497688,moon,astar,64,5,800,0.2,0.25,6,1.0,1.0,,0.0,0,10,2.0,0.6,moon,25.0,moon_id,test
300010,success,True,3.70198829119166,8.76540533893193,2,5,301.72897626729144,236.012080261075,114.2831039937822,59.39114111591847,150,130.12489168102778,17,0,0.2023945052406594,179,26435,0.030572951182408437,6,0.0,moon,astar,64,5,800,0.2,0.25,6,1.0,1.0,,0.0,0,10,2.0,0.6,moon,25.0,moon_id,test
300011,success,True,8.94662771434211,11.69445432187878,4,5,481.8790412933495,414.28324562151437,112.40420432816217,54.24075616628767,264,231.96551211459402,30,0,0.19081978604708633,237,26548,0.05817686821726553,7,0.0,moon,astar,64,5,800,0.2,0.25,6,1.0,1.0,,0.0,0,10,2.0,0.6,moon,25.0,moon_id,test
300012,success,True,9.121515229397556,10.166039447432212,4,5,437.27477286877036,369.2734685618674,111.99869569309557,58.49219824707876,234,193.09545442950503,31,0,0.2038164650975128,171,17623,0.018812494289080717,4,0.0,moon,astar,64,5,800,0.2,0.25,6,1.0,1.0,,0.0,0,10,2.0,0.6,moon,25.0,moon_id,test
300013,success,True,10.121521346240606,12.721426991413411,4,5,365.59628701069227,297.0522988986164,111.45601188792206,50.96802782159787,188,170.02438661763958,20,0,0.19712568166086494,117,13021,0.05461487472648052,1,0.0,moon,astar,64,5,800,0.2,0.25,6,1.0,1.0,,0.0,0,10,2.0,0.6,moon,25.0,moon_id,test
300014,success,True,7.9400430436220795,7.9400430436220795,5,5,465.7683277052395,334.12623951721775,48.35791181197677,48.37791181197677,211,213.1787155501905,17,0,0.20871991160427367,133,12537,0.04381866289561631,4,0.0,moon,astar,64,5,800,0.2,0.25,6,1.0,1.0,,0.0,0,10,2.0,0.6,moon,25.0,moon_id,test
300015,success,True,4.361542942465838,8.408236350349425,3,5,443.06423019266884,375.74025197706646,112.67602178439559,44.85334852206544,240,172.8944443027284,48,0,0.2439868924691101,200,22118,0.09767130701067883,5,0.0,moon,astar,64,5,800,0.2,0.25,6,1.0,1.0,,0.0,0,10,2.0,0.6,moon,25.0,moon_id,test
300016,timeout,False,4.480242741416851,6.879574502152815,3,5,468.5514292361469,468.5514292361494,180.0,37.25756607922621,800,167.6396103067894,38,0,0.2450308297289336,2453,473770,0.06308027623887869,576,27.313000567495326,moon,astar,64,5,800,0.2,0.25,6,1.0,1.0,,0.0,0,10,2.0,0.6,moon,25.0,moon_id,test
300017,success,True,5.007566845076637,10.157904862047712,3,5,541.2691252971653,473.18301335528054,111.91388805811367,52.59200142352175,298,239.86500705120568,43,0,0.20990537922005234,285,34403,0.027797925701339876,9,0.0,moon,astar,64,5,800,0.2,0.25,6,1.0,1.0,,0.0,0,10,2.0,0.6,moon,25.0,moon_id,test
300018,energy_exhausted,False,1.754094622895253,11.897619210179126,1,5,303.86171788688955,146.95929417630214,23.097576289412242,23.11757628941224,100,107.15432893255064,0,0,0.2719379373481979,129,19216,0.12147441286971161,8,14.142135623730951,moon,astar,64,5,800,0.2,0.25,6,1.0,1.0,,0.0,0,10,2.0,0.6,moon,25.0,moon_id,test
300019,success,True,9.734080704773486,10.848116166116698,4,5,444.0190349721366,375.3674564743109,111.34842150217163,59.852982105401935,240,228.40916292849008,16,0,0.17115388408598786,167,16647,0.03154729242949639,8,0.0,moon,astar,64,5,800,0.2,0.25,6,1.0,1.0,,0.0,0,10,2.0,0.6,moon,25.0,moon_id,test
300020,energy_exhausted,False,0.0,10.221897503125227,0,5,250.29939093089553,71.71274410490483,1.4133531740093301,1.4333531740093302,51,54.52691193458116,0,0,0.41635352219692645,93,6711,0.029185220555149938,5,15.297058540778355,moon,astar,64,5,800,0.2,0.25,6,1.0,1.0,,0.0,0,10,2.0,0.6,moon,25.0,moon_id,test
300021,energy_exhausted,False,8.45800806368756,11.159813030946262,3,5,395.3441471601662,217.19587886478422,1.8517317046170128,1.8717317046170128,142,153.8822509939086,1,0,0.2407138684539392,125,22705,0.027701563107155436,6,25.96150997149434,moon,astar,64,5,800,0.2,0.25,6,1.0,1.0,,0.0,0,10,2.0,0.6,moon,25.0,moon_id,test
300022,success,True,9.588766011975672,9.588766011975672,5,5,333.8039399572019,232.1259038160036,78.32196385880123,78.34196385880122,149,163.7401153701777,0,0,0.19732414207494509,97,10336,0.03941266556790801,0,0.0,moon,astar,64,5,800,0.2,0.25,6,1.0,1.0,,0.0,0,10,2.0,0.6,moon,25.0,moon_id,test
300023,energy_exhausted,False,8.144430316632164,9.512979055289563,4,5,377.20589386882233,200.21524762709655,3.009353758273252,3.029353758273252,135,155.5096679918781,0,0,0.22768302854331895,99,14882,0.06120015564837944,5,12.206555615733702,moon,astar,64,5,800,0.2,0.25,6,1.0,1.0,,0.0,0,10,2.0,0.6,moon,25.0,moon_id,test
300024,success,True,1.8776815057425138,9.830194469146184,1,5,177.30864346726668,110.18312123095117,112.87447776368515,56.756598430135114,72,41.21320343559641,18,1,0.3758437936589402,67,5374,0.034048930932032984,0,0.0,moon,astar,64,5,800,0.2,0.25,6,1.0,1.0,,0.0,0,10,2.0,0.6,moon,25.0,moon_id,test
300025,timeout,False,8.55824411323746,9.767328802399314,4,5,439.1698852339876,439.16988523399027,180.0,83.77879362574897,800,239.37972567696715,7,0,0.17121513939871438,1293,130772,0.04581645622916297,581,26.419689627245813,moon,astar,64,5,800,0.2,0.25,6,1.0,1.0,,0.0,0,10,2.0,0.6,moon,25.0,moon_id,test
300026,success,True,12.054806630208946,12.054806630208946,5,5,353.4805442460493,246.736773439038,73.25622919298723,72.268957364912,165,182.3675323681472,0,0,0.1805507574810733,110,15368,0.04178427387479533,4,0.0,moon,astar,64,5,800,0.2,0.25,6,1.0,1.0,,0.0,0,10,2.0,0.6,moon,25.0,moon_id,test
300027,energy_exhausted,False,6.223965005392438,11.076602719617856,3,5,371.17688140108464,195.37679176212654,4.199910361040842,4.219910361040841,135,153.6812408671319,0,0,0.21079532890132446,123,22717,0.03150846949369257,6,24.73863375370596,moon,astar,64,5,800,0.2,0.25,6,1.0,1.0,,0.0,0,10,2.0,0.6,moon,25.0,moon_id,test
300028,energy_exhausted,False,0.0,9.85630330427927,0,5,268.61421840452965,96.62689259869573,8.012674194166008,8.032674194166008,67,71.52691193458115,0,0,0.34312472461233284,93,9547,0.0364890873549385,4,17.69180601295413,moon,astar,64,5,800,0.2,0.25,6,1.0,1.0,,0.0,0,10,2.0,0.6,moon,25.0,moon_id,test
300029,success,True,7.976852642318921,10.325239545931181,4,5,542.1931789872422,475.5223201481738,113.32914116092866,27.006016090184165,302,253.37972567696713,39,0,0.18390420153744674,220,25509,0.028131521878292265,5,0.0,moon,astar,64,5,800,0.2,0.25,6,1.0,1.0,,0.0,0,10,2.0,0.6,moon,25.0,moon_id,test
300030,success,True,7.759790814612954,7.759790814612954,5,5,328.68880992807544,264.8348326221313,116.14602269405398,80.7449663932285,167,171.92388155425127,10,0,0.17865093232596285,107,10676,0.022828169077978466,2,0.0,moon,astar,64,5,800,0.2,0.25,6,1.0,1.0,,0.0,0,10,2.0,0.6,moon,25.0,moon_id,test
300031,success,True,9.738499033236684,9.738499033236684,5,5,411.37858516548044,345.432730046486,114.05414488100268,25.23633715912306,222,189.82337649086298,27,0,0.18830152321019625,141,11175,0.02964138580910758,7,0.0,moon,astar,64,5,800,0.2,0.25,6,1.0,1.0,,0.0,0,10,2.0,0.6,moon,25.0,moon_id,test
300032,energy_exhausted,False,0.0,8.097170601900395,0,5,221.66888282619337,72.49931499686926,30.83043217067589,30.85043217067589,49,53.112698372208065,0,1,0.37290256882233846,73,10255,0.03498821441525124,3,7.0710678118654755,moon,astar,64,5,800,0.2,0.25,6,1.0,1.0,,0.0,0,10,2.0,0.6,moon,25.0,moon_id,test
300033,timeout,False,4.983786315957204,10.683349792295159,2,5,382.37680128603495,382.37680128604006,180.0,14.514057269890904,800,143.46803743153546,30,0,0.2094693446685758,3221,2625402,0.046632174120010084,617,21.93171219946131,moon,astar,64,5,800,0.2,0.25,6,1.0,1.0,,0.0,0,10,2.0,0.6,moon,25.0,moon_id,test
300034,energy_exhausted,False,1.023175552838282,8.81410520029832,1,5,339.45124758092646,162.03319992518954,2.5819523442627386,2.6019523442627386,111,121.29646455628158,0,0,0.2678185578138125,134,28945,0.051773182572527277,9,28.635642126552707,moon,astar,64,5,800,0.2,0.25,6,1.0,1.0,,0.0,0,10,2.0,0.6,moon,25.0,moon_id,test
300035,success,True,10.625604088545508,10.625604088545508,5,5,613.5822044694676,500.7707063091709,67.18850183969947,48.153464024678584,322,280.4924240491755,41,0,0.20303020999636381,190,19162,0.032646320288976405,4,0.0,moon,astar,64,5,800,0.2,0.25,6,1.0,1.0,,0.0,0,10,2.0,0.6,moon,25.0,moon_id,test
300036,success,True,7.879596091183752,9.161683812988315,4,5,598.5167843836582,532.0504968987575,113.53371251509833,15.860184967975457,338,271.6639969244293,51,1,0.20282264989996843,178,18395,0.044479382724193495,7,0.0,moon,astar,64,5,800,0.2,0.25,6,1.0,1.0,,0.0,0,10,2.0,0.6,moon,25.0,moon_id,test
300037,timeout,False,3.910412138853913,9.52221642450207,2,5,352.5735086075497,352.573508607549,180.0,63.26880411783049,800,151.26702730475878,15,1,0.1863942264532178,4024,433998,0.04892007861506409,644,18.681541692269406,moon,astar,64,5,800,0.2,0.25,6,1.0,1.0,,0.0,0,10,2.0,0.6,moon,25.0,moon_id,test
300038,success,True,6.1784643736867135,10.259971813948047,3,5,591.4308664420273,525.0926093426327,113.66174290060273,59.86220750136841,330,278.45079348883286,42,0,0.2315345997308543,212,36834,0.06844452956429437,4,0.0,moon,astar,64,5,800,0.2,0.25,6,1.0,1.0,,0.0,0,10,2.0,0.6,moon,25.0,moon_id,test
300039,energy_exhausted,False,1.8597412762139693,7.948862244641392,1,5,316.74100848605997,143.8563391793276,7.115330693267123,7.1353306932671225,98,112.29646455628155,0,0,0.27885062686928536,92,19353,0.032258339366034394,5,34.48187929913333,moon,astar,64,5,800,0.2,0.25,6,1.0,1.0,,0.0,0,10,2.0,0.6,moon,25.0,moon_id,test
300040,energy_exhausted,False,10.112682608376382,10.112682608376382,5,5,613.5297771899432,435.4094496710839,1.8796724811379657,1.8996724811379657,273,236.48023074035555,28,1,0.25056304465546153,166,22303,0.05789777483559522,10,36.124783736376884,moon,astar,64,5,800,0.2,0.25,6,1.0,1.0,,0.0,0,10,2.0,0.6,moon,25.0,moon_id,test
300041,success,True,12.797797819914807,12.797797819914807,5,5,415.8802413465442,267.0949455173303,31.214704170785325,27.80311872429951,169,190.02438661763972,0,0,0.21470589016372524,101,11744,0.051167779493583754,2,0.0,moon,astar,64,5,800,0.2,0.25,6,1.0,1.0,,0.0,0,10,2.0,0.6,moon,25.0,moon_id,test
300042,success,True,6.785783864547543,10.778580437652371,3,5,279.3087431800218,213.53354693470246,114.22480375467936,93.95917784171766,134,139.05382386916236,7,0,0.2014700903814089,121,16458,0.02457804624740756,0,0.0,moon,astar,64,5,800,0.2,0.25,6,1.0,1.0,,0.0,0,10,2.0,0.6,moon,25.0,moon_id,test
300043,success,True,11.295388394900653,11.295388394900653,5,5,302.38322977230314,252.99434944639302,130.61111967408814,130.63111967408815,159,183.68124086713206,0,0,0.15570532436312323,104,12996,0.03165649766320222,0,0.0,moon,astar,64,5,800,0.2,0.25,6,1.0,1.0,,0.0,0,10,2.0,0.6,moon,25.0,moon_id,test
300044,success,True,8.943243893003505,8.943243893003505,5,5,323.0667260082576,288.67631468188097,145.6095886736216,145.44139367343357,196,216.85281374238596,0,0,0.13705731569956495,136,13273,0.03746669913558598,3,0.0,moon,astar,64,5,800,0.2,0.25,6,1.0,1.0,,0.0,0,10,2.0,0.6,moon,25.0,moon_id,test
300045,success,True,7.468878907665096,9.827271613623092,4,5,425.40586951763606,356.8542451739412,111.44837565630323,48.08747783846367,222,204.06601717798225,23,0,0.19565479657498408,183,23573,0.03548244254281552,3,0.0,moon,astar,64,5,800,0.2,0.25,6,1.0,1.0,,0.0,0,10,2.0,0.6,moon,25.0,moon_id,test
300046,success,True,8.245592006051501,12.427029544461885,3,5,602.2684563116544,536.5540133258163,114.28555701415904,61.41661698803206,340,314.835569799683,28,0,0.16964899548884546,289,37177,0.05428900715710461,10,0.0,moon,astar,64,5,800,0.2,0.25,6,1.0,1.0,,0.0,0,10,2.0,0.6,moon,25.0,moon_id,test
300047,success,True,6.459681650885037,9.367181557147507,3,5,401.03852335320573,334.8815703149941,113.84304696178587,78.0999236778587,208,183.19595949289337,22,0,0.21821556311190146,169,18847,0.049883184255494095,4,0.0,moon,astar,64,5,800,0.2,0.25,6,1.0,1.0,,0.0,0,10,2.0,0.6,moon,25.0,moon_id,test
300048,energy_exhausted,False,0.0,10.671839827785096,0,5,352.2184153324792,175.15022674644402,2.931811413964662,2.951811413964662,120,128.2253967444161,0,0,0.2662820349737649,149,18295,0.02964912238908146,9,30.528675044947494,moon,astar,64,5,800,0.2,0.25,6,1.0,1.0,,0.0,0,10,2.0,0.6,moon,25.0,moon_id,test
300049,success,True,11.042168137368588,11.042168137368588,5,5,519.3785881583143,406.11342087088195,66.7348327125658,64.89378882920234,252,258.45079348883286,14,0,0.1921581771059453,149,23215,0.046115036902135476,2,0.0,moon,astar,64,5,800,0.2,0.25,6,1.0,1.0,,0.0,0,10,2.0,0.6,moon,25.0,moon_id,test
300050,success,True,4.577519378416602,9.816771534281294,2,5,278.8798360025113,210.50357250870604,111.62373650619394,36.117388328337334,142,100.91168824543135,26,0,0.3108534113192015,140,17842,0.06763118588787054,3,0.0,moon,astar,64,5,800,0.2,0.25,6,1.0,1.0,,0.0,0,10,2.0,0.6,moon,25.0,moon_id,test
300051,success,True,9.60949508362769,9.60949508362769,5,5,373.90070212827845,276.95456297106836,83.05386084278844,82.65482573478316,177,200.75230867899757,0,0,0.1840244258487514,123,17725,0.03517630377076364,3,0.0,moon,astar,64,5,800,0.2,0.25,6,1.0,1.0,,0.0,0,10,2.0,0.6,moon,25.0,moon_id,test
300052,success,True,9.314484865889291,9.314484865889291,5,5,363.55803959517425,257.08155864794617,73.52351905277196,73.54351905277196,164,190.99494936611666,0,0,0.1821671099933478,99,7994,0.0291419320717905,1,0.0,moon,astar,64,5,800,0.2,0.25,6,1.0,1.0,,0.0,0,10,2.0,0.6,moon,25.0,moon_id,test
300053,energy_exhausted,False,6.053274521393876,8.953872623277555,3,5,309.9187664702717,134.44476120132757,4.525994731055706,4.545994731055705,90,98.91168824543138,0,0,0.2755004284715126,91,9997,0.03746825587001257,5,21.2602916254693,moon,astar,64,5,800,0.2,0.25,6,1.0,1.0,,0.0,0,10,2.0,0.6,moon,25.0,moon_id,test
300004,success,True,9.566520051998763,9.566520051998763,5,5,429.3858564439911,354.6629799846953,105.27712354070215,101.58756599629578,227,266.49242404917555,0,0,0.15592263871364376,165,199490,0.018621114428764796,3,0.0,moon,risk_aware_astar,64,5,800,0.2,0.25,6,1.0,1.0,,0.0,0,10,2.0,0.6,moon,25.0,moon_id,test
300005,success,True,9.494096489882416,9.494096489882416,5,5,459.203917756969,343.67533308319025,64.4714153262202,60.608034276682446,216,246.1076477383251,0,0,0.1726716547213412,188,149023,0.04261436255272788,7,0.0,moon,risk_aware_astar,64,5,800,0.2,0.25,6,1.0,1.0,,0.0,0,10,2.0,0.6,moon,25.0,moon_id,test
300006,success,True,5.505210608906328,13.045709179614112,2,5,445.4143130114214,379.8699766804533,114.45566366902979,41.09132745983257,240,213.23759005323615,24,0,0.18114939577796618,217,206972,0.04098749789505374,9,0.0,moon,risk_aware_astar,64,5,800,0.2,0.25,6,1.0,1.0,,0.0,0,10,2.0,0.6,moon,25.0,moon_id,test
300007,success,True,6.912168992518176,10.785657572488358,3,5,237.1174872760872,169.77003523430082,112.65254795821453,75.46783123157702,110,98.66904755831207,11,0,0.20991319330169583,107,103885,0.030280965547445304,3,0.0,moon,risk_aware_astar,64,5,800,0.2,0.25,6,1.0,1.0,,0.0,0,10,2.0,0.6,moon,25.0,moon_id,test
300008,success,True,12.64775827220025,12.64775827220025,5,5,393.7921447704201,293.79005868775414,79.9979139173325,64.92470790620348,189,197.52186130069816,14,1,0.21537814469334077,115,105419,0.022939618700967945,1,0.0,moon,risk_aware_astar,64,5,800,0.2,0.25,6,1.0,1.0,,0.0,0,10,2.0,0.6,moon,25.0,moon_id,test
300009,success,True,9.518867163792331,11.094838029729628,4,5,434.6884430071251,368.0680131076523,113.37957010052588,50.73371574724515,232,174.65180361560923,43,0,0.30316297509650303,160,97129,0.052539381768988536,1,0.0,moon,risk_aware_astar,64,5,800,0.2,0.25,6,1.0,1.0,,0.0,0,10,2.0,0.6,moon,25.0,moon_id,test
300010,success,True,4.929125730302966,8.76540533893193,3,5,1310.4951456666493,1241.9075717372061,111.41242607054971,44.23173885594031,772,741.8792924010808,67,0,0.1601670077147527,485,494802,0.05780057964226892,17,0.0,moon,risk_aware_astar,64,5,800,0.2,0.25,6,1.0,1.0,,0.0,0,10,2.0,0.6,moon,25.0,moon_id,test
300011,timeout,False,2.8020795231537816,11.69445432187878,1,5,200.35619371256513,200.35619371256578,180.0,133.8198313282472,800,59.87005768508878,743,0,0.21309971561529212,839,223954,0.04196883668218043,5,12.206555615733702,moon,risk_aware_astar,64,5,800,0.2,0.25,6,1.0,1.0,,0.0,0,10,2.0,0.6,moon,25.0,moon_id,test
300012,success,True,10.166039447432212,10.166039447432212,5,5,500.8170735399412,369.37683227406035,48.55975873411591,41.270234913995985,234,230.99494936611686,13,0,0.20564863877273196,139,123912,0.042841771106463256,5,0.0,moon,risk_aware_astar,64,5,800,0.2,0.25,6,1.0,1.0,,0.0,0,10,2.0,0.6,moon,25.0,moon_id,test
300013,success,True,12.721426991413411,12.721426991413411,5,5,366.117317195321,298.1789037996522,112.06158660432996,110.7543168057932,184,214.3086578651017,0,0,0.16832355970061258,104,81622,0.038633160349792584,1,0.0,moon,risk_aware_astar,64,5,800,0.2,0.25,6,1.0,1.0,,0.0,0,10,2.0,0.6,moon,25.0,moon_id,test
300014,success,True,7.9400430436220795,7.9400430436220795,5,5,385.751720650285,285.22982941939733,79.47810876911159,79.06181223510075,178,214.00714267493674,0,0,0.17337704540521318,128,101558,0.031395437157933026,4,0.0,moon,risk_aware_astar,64,5,800,0.2,0.25,6,1.0,1.0,,0.0,0,10,2.0,0.6,moon,25.0,moon_id,test
300015,success,True,5.699318123611853,8.408236350349425,4,5,436.02206815202635,367.5207275583611,111.49865940633232,48.161497694824185,232,185.2375900532361,36,0,0.23556534280387398,169,102804,0.06102191746404717,5,0.0,moon,risk_aware_astar,64,5,800,0.2,0.25,6,1.0,1.0,,0.0,0,10,2.0,0.6,moon,25.0,moon_id,test
300016,success,True,6.879574502152815,6.879574502152815,5,5,489.5612954959703,384.60289504802444,75.04159955205225,61.49628621240861,240,249.76450198781748,15,0,0.1946787941360149,130,99005,0.018390554822950045,0,0.0,moon,risk_aware_astar,64,5,800,0.2,0.25,6,1.0,1.0,,0.0,0,10,2.0,0.6,moon,25.0,moon_id,test
300017,energy_exhausted,False,6.007307126541198,10.157904862047712,3,5,416.8213685017412,249.59821643939406,12.776847937652079,12.796847937652078,160,176.75230867899748,0,0,0.21391429283418137,175,144934,0.0468466856618478,10,30.066592756745816,moon,risk_aware_astar,64,5,800,0.2,0.25,6,1.0,1.0,,0.0,0,10,2.0,0.6,moon,25.0,moon_id,test
300018,energy_exhausted,False,1.754094622895253,11.897619210179126,1,5,341.7066618229335,164.8362680904937,3.129606267559801,1.7253271092208253,109,117.88225099390847,0,0,0.26511498063440253,152,105814,0.024821333720508987,10,8.246211251235321,moon,risk_aware_astar,64,5,800,0.2,0.25,6,1.0,1.0,,0.0,0,10,2.0,0.6,moon,25.0,moon_id,test
300019,success,True,9.734080704773486,10.848116166116698,4,5,527.6972195942122,457.33423695832994,109.63701736411552,89.80371902215353,292,315.46298679765283,8,0,0.16095145867961755,167,109282,0.1395748934740051,8,0.0,moon,risk_aware_astar,64,5,800,0.2,0.25,6,1.0,1.0,,0.0,0,10,2.0,0.6,moon,25.0,moon_id,test
300020,success,True,5.833728886247473,10.221897503125227,3,5,635.7534932816827,569.840550640818,114.0870573591314,7.632438991236604,359,320.81832585698044,44,1,0.16737300312758166,298,229120,0.13781146408747225,9,0.0,moon,risk_aware_astar,64,5,800,0.2,0.25,6,1.0,1.0,,0.0,0,10,2.0,0.6,moon,25.0,moon_id,test
300021,success,True,11.159813030946262,11.159813030946262,5,5,479.7242328683776,378.44151410192177,78.7172812335421,78.73728123354209,237,270.35028842544455,0,0,0.1695103359088591,172,172204,0.03316866267639096,5,0.0,moon,risk_aware_astar,64,5,800,0.2,0.25,6,1.0,1.0,,0.0,0,10,2.0,0.6,moon,25.0,moon_id,test
300022,success,True,9.588766011975672,9.588766011975672,5,5,317.98238665218423,233.12412260407078,95.1417359518864,95.1617359518864,149,166.22539674441626,0,0,0.18301551872058142,97,71795,0.04092446388297011,0,0.0,moon,risk_aware_astar,64,5,800,0.2,0.25,6,1.0,1.0,,0.0,0,10,2.0,0.6,moon,25.0,moon_id,test
300023,success,True,9.512979055289563,9.512979055289563,5,5,486.43066125621004,362.3016064383922,55.87094518217974,55.88351318862217,236,244.4507934888327,10,0,0.19514469048011973,149,133747,0.05678182059609749,7,0.0,moon,risk_aware_astar,64,5,800,0.2,0.25,6,1.0,1.0,,0.0,0,10,2.0,0.6,moon,25.0,moon_id,test
300024,success,True,3.901202655774914,9.830194469146184,2,5,264.5398501331032,197.49437453685002,112.95452440374636,43.9959869368135,126,93.01219330881972,22,1,0.28641864177930576,98,98486,0.038115971934855386,0,0.0,moon,risk_aware_astar,64,5,800,0.2,0.25,6,1.0,1.0,,0.0,0,10,2.0,0.6,moon,25.0,moon_id,test
300025,success,True,9.767328802399314,9.767328802399314,5,5,378.0630263752699,247.2197195055814,49.15669313031032,48.92723236818781,157,188.55129855222089,0,0,0.19805225612632663,111,123435,0.03533713955557516,1,0.0,moon,risk_aware_astar,64,5,800,0.2,0.25,6,1.0,1.0,,0.0,0,10,2.0,0.6,moon,25.0,moon_id,test
300026,success,True,12.054806630208946,12.054806630208946,5,5,324.1451322470352,231.5656703034814,87.42053805644515,86.85359147125033,151,172.85281374238568,0,0,0.1835749019537227,103,89130,0.029044877139057457,2,0.0,moon,risk_aware_astar,64,5,800,0.2,0.25,6,1.0,1.0,,0.0,0,10,2.0,0.6,moon,25.0,moon_id,test
300027,success,True,8.77826090599033,11.076602719617856,4,5,812.8165168113151,746.0261406992254,113.20962388790495,63.38707964359544,472,462.31580054003916,36,0,0.1684744267751104,225,205580,0.03393372757947721,10,0.0,moon,risk_aware_astar,64,5,800,0.2,0.25,6,1.0,1.0,,0.0,0,10,2.0,0.6,moon,25.0,moon_id,test
300028,success,True,7.242844775725143,9.85630330427927,4,5,704.8988821980781,633.5140165475079,108.61513434942644,65.10463195350331,390,411.87214972614345,25,0,0.15977443865471452,279,227918,0.07267542941000005,7,0.0,moon,risk_aware_astar,64,5,800,0.2,0.25,6,1.0,1.0,,0.0,0,10,2.0,0.6,moon,25.0,moon_id,test
300029,success,True,10.325239545931181,10.325239545931181,5,5,468.91976857481234,335.75096178433796,46.83119320952355,44.12320703660979,215,251.07821048680233,0,0,0.17234751304385548,169,115063,0.06843751438217194,6,0.0,moon,risk_aware_astar,64,5,800,0.2,0.25,6,1.0,1.0,,0.0,0,10,2.0,0.6,moon,25.0,moon_id,test
300030,success,True,7.759790814612954,7.759790814612954,5,5,290.81361594965665,248.3326458865535,137.51902993689515,126.90623759806599,156,174.7106781186548,0,0,0.15924198958334349,94,66284,0.020772276106140408,1,0.0,moon,risk_aware_astar,64,5,800,0.2,0.25,6,1.0,1.0,,0.0,0,10,2.0,0.6,moon,25.0,moon_id,test
300031,success,True,9.738499033236684,9.738499033236684,5,5,311.80199715907423,221.22080719936736,89.4188100402927,81.6092532711638,141,163.09545442950497,0,0,0.17892408538661136,99,74843,0.026450144547675802,3,0.0,moon,risk_aware_astar,64,5,800,0.2,0.25,6,1.0,1.0,,0.0,0,10,2.0,0.6,moon,25.0,moon_id,test
300032,success,True,4.015779272574372,8.097170601900395,3,5,585.9737637346311,519.547133505766,113.5733697711316,3.5719476925419613,326,237.1787155501906,58,1,0.19098178740294044,310,269465,0.03090788574431258,12,0.0,moon,risk_aware_astar,64,5,800,0.2,0.25,6,1.0,1.0,,0.0,0,10,2.0,0.6,moon,25.0,moon_id,test
300033,success,True,7.57660196868175,10.683349792295159,3,5,822.174630583629,753.05967898066,110.88504839702823,25.57332018277988,474,350.67619023324943,83,0,0.19546489922267007,340,285157,0.04270309797921412,12,0.0,moon,risk_aware_astar,64,5,800,0.2,0.25,6,1.0,1.0,,0.0,0,10,2.0,0.6,moon,25.0,moon_id,test
300034,success,True,4.978699210388102,8.81410520029832,3,5,504.9739720761814,438.1806233604162,113.20665128422972,3.7195290269344525,280,225.13708498984795,39,0,0.19650086703914615,254,241142,0.021059587789269196,9,0.0,moon,risk_aware_astar,64,5,800,0.2,0.25,6,1.0,1.0,,0.0,0,10,2.0,0.6,moon,25.0,moon_id,test
300035,success,True,10.625604088545508,10.625604088545508,5,5,519.7582709885608,435.8660316261016,96.10776063753922,73.07845251742569,277,288.7350647362949,13,0,0.17519046726860305,175,150956,0.026182228809332297,7,0.0,moon,risk_aware_astar,64,5,800,0.2,0.25,6,1.0,1.0,,0.0,0,10,2.0,0.6,moon,25.0,moon_id,test
300036,success,True,9.161683812988315,9.161683812988315,5,5,432.9667504975765,330.823338440322,77.85658794274323,77.87658794274323,219,251.76450198781754,0,0,0.15641994243386945,131,123881,0.02825120459200725,6,0.0,moon,risk_aware_astar,64,5,800,0.2,0.25,6,1.0,1.0,,0.0,0,10,2.0,0.6,moon,25.0,moon_id,test
300037,success,True,5.326512813698244,9.52221642450207,3,5,497.09217957087844,428.33588663686356,111.24370706598341,71.5755688499571,268,277.42135623730996,11,0,0.1695459940719999,270,279298,0.01733532397132953,9,0.0,moon,risk_aware_astar,64,5,800,0.2,0.25,6,1.0,1.0,,0.0,0,10,2.0,0.6,moon,25.0,moon_id,test
300038,success,True,7.284115324245114,10.259971813948047,4,5,510.0768703523376,441.6790324539375,111.60216210159784,57.75475162759337,278,262.2081528017135,22,0,0.19719916672035626,179,149693,0.06466336567669084,7,0.0,moon,risk_aware_astar,64,5,800,0.2,0.25,6,1.0,1.0,,0.0,0,10,2.0,0.6,moon,25.0,moon_id,test
300039,success,True,4.565138990198129,7.948862244641392,3,5,382.9077595411147,315.28988882021287,112.38212927909682,82.91818401985297,200,195.48023074035547,17,0,0.19401930771493855,167,165984,0.022102265677924282,3,0.0,moon,risk_aware_astar,64,5,800,0.2,0.25,6,1.0,1.0,,0.0,0,10,2.0,0.6,moon,25.0,moon_id,test
300040,success,True,8.693747195953447,10.112682608376382,4,5,723.5115024078015,656.875098573559,113.36359616575372,69.34753873754592,400,355.1025971044427,56,0,0.2041224486745458,213,161811,0.08970148071103612,1,0.0,moon,risk_aware_astar,64,5,800,0.2,0.25,6,1.0,1.0,,0.0,0,10,2.0,0.6,moon,25.0,moon_id,test
300041,success,True,12.797797819914807,12.797797819914807,5,5,365.7379385292133,263.0069742405462,77.2690357113321,73.56909191174421,166,190.7523086789976,0,0,0.1893847184877157,101,75991,0.04501718566362112,2,0.0,moon,risk_aware_astar,64,5,800,0.2,0.25,6,1.0,1.0,,0.0,0,10,2.0,0.6,moon,25.0,moon_id,test
300042,success,True,8.336354199801947,10.778580437652371,4,5,358.1997135428051,289.7338168273651,111.53410328455743,55.95844154344635,182,141.09545442950494,33,0,0.24321819153286753,126,96692,0.01938244089664809,0,0.0,moon,risk_aware_astar,64,5,800,0.2,0.25,6,1.0,1.0,,0.0,0,10,2.0,0.6,moon,25.0,moon_id,test
300043,success,True,11.295388394900653,11.295388394900653,5,5,268.828308841686,257.35670785407723,168.5283990123901,165.99136678071585,161,185.92388155425135,0,0,0.13332267966966782,109,98698,0.029926907497191402,1,0.0,moon,risk_aware_astar,64,5,800,0.2,0.25,6,1.0,1.0,,0.0,0,10,2.0,0.6,moon,25.0,moon_id,test
300044,success,True,8.943243893003505,8.943243893003505,5,5,258.1976536321557,227.8161658808886,149.61851224873192,149.609683288438,154,171.539105243401,0,0,0.13719798842386874,104,94767,0.046497308332995146,3,0.0,moon,risk_aware_astar,64,5,800,0.2,0.25,6,1.0,1.0,,0.0,0,10,2.0,0.6,moon,25.0,moon_id,test
300045,success,True,7.468878907665096,9.827271613623092,4,5,433.80294386327256,385.1786368768322,131.37569301355663,58.44044445355824,238,231.72287142747467,17,0,0.1726034980730859,195,140720,0.056440387081398646,4,0.0,moon,risk_aware_astar,64,5,800,0.2,0.25,6,1.0,1.0,,0.0,0,10,2.0,0.6,moon,25.0,moon_id,test
300046,success,True,9.650046929695272,12.427029544461885,4,5,916.9640262562153,849.8457404777365,112.88171422151302,55.80648707085329,536,501.1442276647853,48,1,0.16655427601521014,402,409872,0.03809419809037462,12,0.0,moon,risk_aware_astar,64,5,800,0.2,0.25,6,1.0,1.0,,0.0,0,10,2.0,0.6,moon,25.0,moon_id,test
300047,success,True,6.459681650885037,9.367181557147507,3,5,435.08157890837066,367.3228041370593,112.24122522868507,39.018226750551605,228,186.2670273047588,31,0,0.22980777006966976,180,152363,0.0408214598633766,5,0.0,moon,risk_aware_astar,64,5,800,0.2,0.25,6,1.0,1.0,,0.0,0,10,2.0,0.6,moon,25.0,moon_id,test
300048,energy_exhausted,False,2.7509650240414514,10.671839827785096,1,5,433.254949945724,256.0344905421594,2.779540596435099,2.799540596435099,171,183.26702730475893,0,1,0.22262862924360122,230,172192,0.15697241713936527,11,12.041594578792296,moon,risk_aware_astar,64,5,800,0.2,0.25,6,1.0,1.0,,0.0,0,10,2.0,0.6,moon,25.0,moon_id,test
300049,success,True,11.042168137368588,11.042168137368588,5,5,462.5195465439084,357.91248720082757,75.39294065691738,75.41294065691737,222,250.2081528017136,2,0,0.18185927762883086,139,168424,0.05229992986813059,2,0.0,moon,risk_aware_astar,64,5,800,0.2,0.25,6,1.0,1.0,,0.0,0,10,2.0,0.6,moon,25.0,moon_id,test
300050,success,True,4.577519378416602,9.816771534281294,2,5,569.6586795057922,503.39032378045243,113.73164427465647,39.92702549355901,334,198.30865786510165,81,4,0.3341561302113606,335,188822,0.08289464191028306,6,0.0,moon,risk_aware_astar,64,5,800,0.2,0.25,6,1.0,1.0,,0.0,0,10,2.0,0.6,moon,25.0,moon_id,test
300051,success,True,9.60949508362769,9.60949508362769,5,5,339.6921327228574,278.37457070596,118.68243798310144,110.37115205524687,176,203.82337649086304,0,0,0.1624801530204209,107,99331,0.02764965437650657,1,0.0,moon,risk_aware_astar,64,5,800,0.2,0.25,6,1.0,1.0,,0.0,0,10,2.0,0.6,moon,25.0,moon_id,test
300052,success,True,9.314484865889291,9.314484865889291,5,5,339.33377035046624,256.83989290506713,97.50612255460067,97.52612255460066,162,191.23759005323592,0,0,0.16823375743452876,91,61015,0.016747464797179368,0,0.0,moon,risk_aware_astar,64,5,800,0.2,0.25,6,1.0,1.0,,0.0,0,10,2.0,0.6,moon,25.0,moon_id,test
300053,energy_exhausted,False,6.053274521393876,8.953872623277555,3,5,313.6557055440666,135.71673253958753,2.0610269955203226,2.0810269955203227,92,103.63961030678921,1,2,0.23680372739043767,96,76840,0.03158497053817444,3,19.697715603592208,moon,risk_aware_astar,64,5,800,0.2,0.25,6,1.0,1.0,,0.0,0,10,2.0,0.6,moon,25.0,moon_id,test
